performance,revenue,profit,injuries_count,games_missed_total,simulation
185.87583167019034,51572046.22288616,40051543.309498504,2,50.0,0
216.83582446706694,53690046.98399293,42169544.07060527,2,23.0,1
219.96002120721968,53903776.07356036,42383273.1601727,1,26.0,2
156.3433868680856,49551705.29520637,38031202.38181871,3,69.0,3
200.36174852812334,52563040.734148666,41042537.82076101,2,30.0,4
199.30631601138808,52490837.65295261,40970334.739564955,2,37.0,5
179.15242193810496,51112091.757676266,39591588.84428861,3,62.0,6
243.42059780199233,55508735.073704086,43988232.16031643,0,0.0,7
243.42059780199233,55508735.073704086,43988232.16031643,0,0.0,8
202.03515082591096,52677519.68004524,41157016.76665758,2,40.0,9
177.0955513827146,50971379.40575821,39450876.49237055,3,61.0,10
207.20489629894377,53031186.58554001,41510683.672152355,1,31.0,11
161.67832200445088,49916672.973119296,38396170.05973164,2,59.0,12
146.47543361461538,48876629.79895094,37356126.885563284,4,73.0,13
214.29218554810845,53516034.37353526,41995531.460147604,1,19.0,14
226.04653130466886,54320159.66587766,42799656.75249001,2,19.0,15
218.76282519023763,53821874.8246874,42301371.91129974,1,17.0,16
220.2132824026938,53921101.89815897,42400598.98477131,1,16.0,17
186.48316554328113,51613594.4756229,40093091.56223524,2,38.0,18
193.37531082995056,52085092.2908387,40564589.37745105,2,41.0,19
203.9821344559339,52810714.56924647,41290211.655858815,2,41.0,20
221.3623261012251,53999709.00391643,42479206.09052877,2,20.0,21
243.42059780199233,55508735.073704086,43988232.16031643,0,0.0,22
215.44837186207107,53595130.11199426,42074627.1986066,1,31.0,23
237.57935562408127,55109130.47883891,43588627.56545126,1,5.0,24
213.84633595713208,53485533.404777855,41965030.4913902,2,21.0,25
171.23777213334827,50570643.49506365,39050140.58167599,3,54.0,26
200.56365435744448,52576853.29227746,41056350.37888981,2,36.0,27
243.42059780199233,55508735.073704086,43988232.16031643,0,0.0,28
243.42059780199233,55508735.073704086,43988232.16031643,0,0.0,29
228.90745060555236,54515877.71066182,42995374.797274165,2,17.0,30
243.42059780199233,55508735.073704086,43988232.16031643,0,0.0,31
208.86060356992658,53144454.99884743,41623952.085459776,1,24.0,32
235.2996289807249,54953172.3428851,43432669.42949744,1,9.0,33
200.48949755380906,52571780.15910293,41051277.245715275,1,31.0,34
223.48493417744444,54144918.518352024,42624415.60496437,1,15.0,35
196.182789613862,52277154.42212303,40756651.50873537,2,39.0,36
233.72647839111224,54845551.705890924,43325048.79250327,1,7.0,37
191.34526396288032,51946214.971397884,40425712.05801023,2,35.0,38
159.69987236593352,49781325.4661711,38260822.552783445,2,64.0,39
213.18060284893477,53439990.00820452,41919487.09481686,1,21.0,40
215.82525987726024,53620913.35775468,42100410.44436702,1,18.0,41
147.99106821198492,48980315.715541735,37459812.80215408,3,74.0,42
243.42059780199233,55508735.073704086,43988232.16031643,0,0.0,43
243.42059780199233,55508735.073704086,43988232.16031643,0,0.0,44
192.65459536602683,52035787.50219916,40515284.5888115,1,35.0,45
220.4244828647156,53935550.31041291,42415047.39702526,1,15.0,46
124.28487058576849,47358553.56124501,35838050.64785735,4,94.0,47
243.42059780199233,55508735.073704086,43988232.16031643,0,0.0,48
152.13372587451545,49263718.626511715,37743215.71312406,2,61.0,49
212.85258024435223,53417549.68883093,41897046.77544327,1,23.0,50
243.42059780199233,55508735.073704086,43988232.16031643,0,0.0,51
243.42059780199233,55508735.073704086,43988232.16031643,0,0.0,52
243.42059780199233,55508735.073704086,43988232.16031643,0,0.0,53
174.09209055207452,50765909.96760344,39245407.05421578,3,57.0,54
243.42059780199233,55508735.073704086,43988232.16031643,0,0.0,55
216.49801423072603,53666937.0839883,42146434.170600645,2,20.0,56
201.25142663369746,52623904.40802317,41103401.494635515,3,29.0,57
156.71767891954389,49577310.94876921,38056808.035381556,3,67.0,58
185.07562693640418,51517303.502294466,39996800.58890681,2,46.0,59
243.42059780199233,55508735.073704086,43988232.16031643,0,0.0,60
224.70060092629006,54228083.366490066,42707580.45310241,1,13.0,61
235.75522615623342,54984340.15260703,43463837.239219375,1,5.0,62
93.42025555697492,45247077.67844548,33726574.765057825,4,127.0,63
237.72901566049097,55119368.85560801,43598865.94222035,1,9.0,64
223.82706340851553,54168323.88464392,42647820.97125626,1,13.0,65
173.32371885326825,50713344.9733684,39192842.05998074,2,61.0,66
175.65453503488874,50872798.190268695,39352295.27688104,2,53.0,67
185.14983946562157,51522380.44770583,40001877.53431817,2,50.0,68
228.93833835286182,54517990.76904461,42997487.85565695,1,13.0,69
160.28528844733134,49821374.30320087,38300871.389813215,3,70.0,70
233.49496924266543,54829713.95825866,43309211.044871,1,11.0,71
174.18990433204496,50772601.49565977,39252098.58227211,2,56.0,72
243.42059780199233,55508735.073704086,43988232.16031643,0,0.0,73
191.08373463793336,51928323.516676836,40407820.60328918,3,40.0,74
135.68558779151155,48138486.80856032,36617983.89517266,3,82.0,75
203.15551439680033,52754164.75265325,41233661.83926559,2,37.0,76
107.1267508640184,46184751.26522206,34664248.3518344,4,109.0,77
191.02215903699943,51924111.07481681,40403608.16142915,2,36.0,78
236.46421962904623,55032843.02936444,43512340.11597678,1,11.0,79
243.42059780199233,55508735.073704086,43988232.16031643,0,0.0,80
243.42059780199233,55508735.073704086,43988232.16031643,0,0.0,81
229.52708741931798,54558267.61855927,43037764.705171615,2,12.0,82
179.28533242255034,51121184.28263457,39600681.369246915,2,55.0,83
165.26506323414742,50162045.14436724,38641542.230979584,3,63.0,84
201.39607511315882,52633799.93970504,41113297.02631738,3,37.0,85
160.4998128586996,49836050.109798595,38315547.19641094,3,57.0,86
85.95854744071688,44736615.56131652,33216112.647928864,5,107.0,87
197.4283679274388,52362365.54712173,40841862.63373408,1,30.0,88
217.56122996721902,53739672.62220005,42219169.70881239,1,21.0,89
184.86869027473057,51503146.78043083,39982643.867043175,2,42.0,90
243.42059780199233,55508735.073704086,43988232.16031643,0,0.0,91
165.76412664739794,50196186.5182377,38675683.60485005,2,55.0,92
213.15263854857216,53438076.94543863,41917574.032050975,2,21.0,93
203.75337222504365,52795064.740697846,41274561.82731019,2,30.0,94
185.28460176541466,51531599.65700614,40011096.74361848,2,47.0,95
181.06912192840548,51243214.91603435,39722712.00264669,2,45.0,96
170.66139965903417,50531213.33927235,39010710.425884694,2,56.0,97
158.60903180667825,49706700.089159325,38186197.17577167,4,76.0,98
130.35004271772416,47773477.40428355,36252974.4908959,4,91.0,99
208.94144068896128,53149985.13836538,41629482.224977724,1,28.0,100
107.45013381907171,46206874.18202717,34686371.26863951,4,96.0,101
197.60080480483757,52374162.107927464,40853659.19453981,2,34.0,102
222.0515892507963,54046862.111637495,42526359.19824984,2,17.0,103
207.2479189217275,53034129.80159302,41513626.888205364,1,24.0,104
202.23632972198502,52691282.5080213,41170779.59463365,2,31.0,105
226.01511125251844,54318010.19204525,42797507.27865759,1,12.0,106
233.34059948430647,54819153.385204226,43298650.47181657,1,7.0,107
179.59253187357956,51142200.07147407,39621697.15808641,2,50.0,108
243.42059780199233,55508735.073704086,43988232.16031643,0,0.0,109
159.7762809540906,49786552.64593609,38266049.73254843,3,69.0,110
224.56465404006227,54218783.11857368,42698280.205186024,1,13.0,111
214.21438691243702,53510712.09937821,41990209.18599056,1,25.0,112
196.33487494914615,52287558.715754434,40767055.80236678,1,34.0,113
243.42059780199233,55508735.073704086,43988232.16031643,0,0.0,114
194.4606059732325,52159338.3009905,40638835.38760284,1,34.0,115
193.15525709471362,52070038.21825626,40549535.3048686,3,53.0,116
209.99999907322962,53222402.06295144,41701899.14956378,1,30.0,117
243.42059780199233,55508735.073704086,43988232.16031643,0,0.0,118
194.34557399257824,52151468.860445864,40630965.94705821,2,34.0,119
243.42059780199233,55508735.073704086,43988232.16031643,0,0.0,120
220.02402690386413,53908154.76043853,42387651.847050875,1,19.0,121
170.27814670751718,50504994.6625325,38984491.749144845,2,56.0,122
229.85584322189302,54580758.09666243,43060255.183274776,1,9.0,123
227.46556846497458,54417237.26551682,42896734.35212916,1,11.0,124
243.42059780199233,55508735.073704086,43988232.16031643,0,0.0,125
243.42059780199233,55508735.073704086,43988232.16031643,0,0.0,126
89.73528722662357,44994985.70350401,33474482.790116355,4,112.0,127
181.7624007928796,51290642.74239881,39770139.82901116,2,56.0,128
243.42059780199233,55508735.073704086,43988232.16031643,0,0.0,129
243.42059780199233,55508735.073704086,43988232.16031643,0,0.0,130
190.01089479192242,51854929.584536575,40334426.67114892,2,44.0,131
190.03305180167078,51856445.365364395,40335942.45197674,2,42.0,132
186.49118447292943,51614143.05776275,40093640.14437509,2,42.0,133
224.70060092629006,54228083.366490066,42707580.45310241,1,13.0,134
243.42059780199233,55508735.073704086,43988232.16031643,0,0.0,135
166.9011143598445,50273968.86321854,38753465.94983088,4,63.0,136
243.42059780199233,55508735.073704086,43988232.16031643,0,0.0,137
197.66943272153824,52378857.00500832,40858354.09162066,2,44.0,138
243.42059780199233,55508735.073704086,43988232.16031643,0,0.0,139
188.3962047551543,51744467.196858905,40223964.28347125,2,47.0,140
217.71913221918365,53750474.85629732,42229971.942909665,1,22.0,141
214.79785496247408,53550627.669842586,42030124.75645493,2,32.0,142
231.40503550326724,54686739.72439015,43166236.81100249,1,19.0,143
243.42059780199233,55508735.073704086,43988232.16031643,0,0.0,144
164.26349520260453,50093526.98071566,38573024.067328006,2,61.0,145
210.18361696468915,53234963.526916094,41714460.61352844,1,24.0,146
234.37742808192613,54890083.75567632,43369580.842288665,1,6.0,147
243.42059780199233,55508735.073704086,43988232.16031643,0,0.0,148
193.0206062135631,52060826.631204806,40540323.71781715,1,35.0,149
159.61493603260993,49775514.895742185,38255011.98235453,3,65.0,150
218.76282519023763,53821874.8246874,42301371.91129974,1,17.0,151
221.2729667071029,53993595.847947545,42473092.93455989,2,18.0,152
180.96472211653617,51236072.83165308,39715569.918265425,3,56.0,153
168.51239656765807,50384198.118273504,38863695.20488585,2,58.0,154
243.42059780199233,55508735.073704086,43988232.16031643,0,0.0,155
212.960996340413,53424966.530801125,41904463.61741347,1,21.0,156
214.29218554810845,53516034.37353526,41995531.460147604,1,19.0,157
220.02402690386413,53908154.76043853,42387651.847050875,1,19.0,158
200.3986751654341,52565566.91839045,41045064.0050028,2,31.0,159
243.42059780199233,55508735.073704086,43988232.16031643,0,0.0,160
243.42059780199233,55508735.073704086,43988232.16031643,0,0.0,161
243.42059780199233,55508735.073704086,43988232.16031643,0,0.0,162
243.42059780199233,55508735.073704086,43988232.16031643,0,0.0,163
230.4469741837074,54621197.8937661,43100694.98037844,1,12.0,164
169.79893953743078,50472211.67199275,38951708.75860509,3,55.0,165
201.92847672824348,52670222.0097411,41149719.09635344,2,50.0,166
226.84145331520426,54374540.99065318,42854038.07726552,1,11.0,167
214.66426470998525,53541488.641345255,42020985.7279576,2,36.0,168
223.11419682760612,54119556.045102105,42599053.13171445,1,14.0,169
169.08318511971737,50423246.27295572,38902743.35956807,3,61.0,170
179.68299796399407,51148388.937524825,39627886.02413717,2,42.0,171
186.1191048754917,51588688.76015565,40068185.84676799,3,52.0,172
212.6356360939289,53402708.3457231,41882205.432335444,1,25.0,173
194.9740574221776,52194463.97323442,40673961.05984677,2,54.0,174
224.44865733032114,54210847.68005051,42690344.76666285,1,30.0,175
190.3543736780081,51878427.28193355,40357924.3685459,2,38.0,176
238.99381169193572,55205894.68185158,43685391.768463925,1,7.0,177
243.42059780199233,55508735.073704086,43988232.16031643,0,0.0,178
178.2908266517084,51053149.254545644,39532646.34115799,3,53.0,179
180.045929069619,51173217.37863546,39652714.4652478,2,44.0,180
226.1430226607175,54326760.7257323,42806257.81234464,1,13.0,181
192.03322438478918,51993278.95835596,40472776.04496831,2,46.0,182
183.4454091065486,51405778.84442206,39885275.9310344,2,48.0,183
197.3406054925713,52356361.640561886,40835858.72717423,1,32.0,184
229.50784145610015,54556950.985024795,43036448.07163714,1,22.0,185
159.65807510878915,49778466.078476,38257963.16508834,3,57.0,186
235.83182161332385,54989580.11624265,43469077.20285499,1,12.0,187
180.05275991346696,51173684.6827645,39653181.769376844,2,47.0,188
85.23575266737281,44687168.52526227,33166665.61187461,4,125.0,189
229.57185578644933,54561330.26254243,43040827.34915477,1,10.0,190
217.7981387766076,53755879.76546039,42235376.85207273,1,23.0,191
237.72901566049097,55119368.85560801,43598865.94222035,1,9.0,192
166.7430531828684,50263155.75691929,38742652.84353163,4,61.0,193
233.30222955043436,54816528.46375551,43296025.550367855,1,16.0,194
234.77151538980237,54917043.6204121,43396540.70702444,1,8.0,195
149.1777775756052,49061499.5630914,37540996.64970374,3,77.0,196
199.10462335225475,52477039.67798677,40956536.764599115,1,32.0,197
233.34059948430647,54819153.385204226,43298650.47181657,1,7.0,198
221.68605229058105,54021855.40168676,42501352.4882991,2,18.0,199
90.10882099338146,45020539.48213318,33500036.568745524,5,124.0,200
224.03235898023215,54182368.33807776,42661865.424690105,1,14.0,201
170.23358981908797,50501946.48599626,38981443.572608605,3,58.0,202
198.9811599033835,52468593.43317031,40948090.519782655,3,31.0,203
185.04343629343072,51515101.311655544,39994598.39826789,2,43.0,204
226.01511125251844,54318010.19204525,42797507.27865759,1,12.0,205
153.88158173174477,49383291.0069126,37862788.09352494,3,70.0,206
220.8126735018268,53962106.77863467,42441603.86524701,1,15.0,207
214.29218554810845,53516034.37353526,41995531.460147604,1,19.0,208
209.25869337660015,53171688.678101026,41651185.76471337,2,33.0,209
198.38639373474084,52427904.9483205,40907402.034932844,2,47.0,210
182.1678670740024,51318381.05285824,39797878.139470585,2,49.0,211
243.42059780199233,55508735.073704086,43988232.16031643,0,0.0,212
140.8498753734968,48491780.33485347,36971277.421465814,3,77.0,213
153.6234672990923,49365633.16802364,37845130.25463598,4,82.0,214
236.41110718849905,55029209.55986588,43508706.64647822,1,6.0,215
199.26106494941894,52487741.98738446,40967239.073996805,2,50.0,216
212.74138225498191,53409942.535054594,41889439.62166694,1,34.0,217
221.91906526743168,54037796.02756336,42517293.11417571,1,34.0,218
211.5292333482904,53327018.345640495,41806515.43225284,2,22.0,219
195.4639209250421,52227975.973017894,40707473.05963024,2,41.0,220
243.42059780199233,55508735.073704086,43988232.16031643,0,0.0,221
211.55407979634964,53328718.1133454,41808215.19995774,3,24.0,222
172.93767215323948,50686935.17379744,39166432.26040979,4,50.0,223
197.03554106023245,52335491.91025803,40814988.996870376,3,51.0,224
243.42059780199233,55508735.073704086,43988232.16031643,0,0.0,225
221.40236358613998,54002448.004021466,42481945.09063381,2,18.0,226
198.23309358635046,52417417.54823942,40896914.63485176,1,34.0,227
218.5544858669462,53807622.14548961,42287119.232101955,1,23.0,228
199.2169412663994,52484723.44681724,40964220.533429585,2,40.0,229
234.78059924397587,54917665.05498992,43397162.14160226,1,6.0,230
169.933882944359,50481443.27099393,38960940.35760628,5,65.0,231
129.15721405900885,47691874.9302906,36171372.016902946,4,87.0,232
200.05161652974064,52541824.327125326,41021321.41373767,2,37.0,233
192.05671729529485,51994886.12934783,40474383.215960175,2,36.0,234
230.4469741837074,54621197.8937661,43100694.98037844,1,12.0,235
221.2238775259303,53990237.61321643,42469734.699828774,1,19.0,236
215.09843303057397,53571190.483961575,42050687.57057392,1,23.0,237
240.25860772338046,55292420.50809515,43771917.5947075,1,5.0,238
219.96002120721968,53903776.07356036,42383273.1601727,1,26.0,239
171.5784514729327,50593949.672983885,39073446.75959623,3,49.0,240
243.42059780199233,55508735.073704086,43988232.16031643,0,0.0,241
168.36248261383395,50373942.370787285,38853439.45739963,4,70.0,242
222.18297762276805,54055850.507521905,42535347.59413425,2,20.0,243
115.92817244978725,46786864.37744994,35266361.46406228,4,91.0,244
177.5577916615555,51003001.6761128,39482498.762725145,3,50.0,245
201.35733864076377,52631149.94302857,41110647.02964091,1,29.0,246
236.49622679422083,55035032.66812325,43514529.7547356,1,5.0,247
134.16269318346613,48034304.22815446,36513801.3147668,4,84.0,248
216.9467514522834,53697635.59813302,42177132.684745364,2,30.0,249
189.3253843356529,51808033.20191623,40287530.28852858,2,40.0,250
221.7661623054982,54027335.799362555,42506832.8859749,2,19.0,251
155.7344730234032,49510048.9552018,37989546.04181414,3,62.0,252
191.2960706108317,51942849.61024409,40422346.69685643,1,34.0,253
204.01584681567113,52813020.86188842,41292517.94850077,1,32.0,254
74.80793679707412,43973792.327312954,32453289.413925298,6,124.0,255
193.13398370635403,52068582.886756904,40548079.97336925,2,36.0,256
203.10060453124896,52750408.31970466,41229905.406317,1,28.0,257
229.57185578644933,54561330.26254243,43040827.34915477,1,10.0,258
243.42059780199233,55508735.073704086,43988232.16031643,0,0.0,259
195.3485471091407,52220083.147218674,40699580.23383102,2,33.0,260
226.55678018132272,54355066.24729055,42834563.333902895,1,11.0,261
186.1875935585307,51593374.132137336,40072871.21874968,2,38.0,262
243.42059780199233,55508735.073704086,43988232.16031643,0,0.0,263
243.42059780199233,55508735.073704086,43988232.16031643,0,0.0,264
201.55304987902605,52644538.72364994,41124035.810262285,1,34.0,265
198.10079453979162,52408366.852293074,40887863.93890542,2,39.0,266
236.2205990036453,55016176.72477561,43495673.811387956,1,5.0,267
226.84306649523003,54374651.34973965,42854148.43635199,2,13.0,268
208.86060356992658,53144454.99884743,41623952.085459776,1,24.0,269
218.84099410023734,53827222.42964198,42306719.51625432,2,19.0,270
243.42059780199233,55508735.073704086,43988232.16031643,0,0.0,271
243.42059780199233,55508735.073704086,43988232.16031643,0,0.0,272
222.2542186071093,54060724.16689407,42540221.253506415,1,19.0,273
161.74525743290428,49921252.0855674,38400749.17217974,2,55.0,274
243.42059780199233,55508735.073704086,43988232.16031643,0,0.0,275
212.47440329879726,53391678.26619288,41871175.35280523,2,27.0,276
182.66536367144838,51352415.239460014,39831912.32607236,2,45.0,277
138.45118991420063,48327684.12004564,36807181.20665798,4,81.0,278
191.06593936263772,51927106.125998884,40406603.21261123,2,50.0,279
149.46809045189372,49081360.12626957,37560857.212881915,3,64.0,280
222.64748477867784,54087627.856961586,42567124.94357393,1,15.0,281
192.47430420809732,52023453.62304676,40502950.70965911,3,51.0,282
243.42059780199233,55508735.073704086,43988232.16031643,0,0.0,283
201.98162468626367,52673857.90902172,41153354.995634064,2,28.0,284
213.34205894610588,53451035.3640267,41930532.45063905,1,27.0,285
192.27562573475123,52009861.85122293,40489358.937835276,2,41.0,286
234.77151538980237,54917043.6204121,43396540.70702444,1,8.0,287
202.95420019223442,52740392.6681024,41219889.75471474,2,28.0,288
215.82525987726024,53620913.35775468,42100410.44436702,1,18.0,289
209.54139317010817,53191028.42348608,41670525.51009842,1,29.0,290
131.1112925863622,47825555.18775547,36305052.27436782,6,91.0,291
206.68279589695092,52995469.23069274,41474966.31730508,2,32.0,292
220.8623510762494,53965505.26587357,42445002.35248592,1,25.0,293
243.42059780199233,55508735.073704086,43988232.16031643,0,0.0,294
205.70871027813223,52928831.163443275,41408328.25005562,1,26.0,295
157.77522203463406,49649658.41788393,38129155.50449628,3,84.0,296
132.31339548086535,47907792.12050253,36387289.207114875,3,87.0,297
243.42059780199233,55508735.073704086,43988232.16031643,0,0.0,298
165.83266540099257,50200875.31559083,38680372.40220317,2,58.0,299
194.64643525145993,52172051.047899194,40651548.13451154,2,53.0,300
122.83214964554512,47259171.62413489,35738668.710747235,5,91.0,301
195.8102108619313,52251665.97691121,40731163.06352355,2,34.0,302
207.36781454033695,53042331.967954434,41521829.05456678,2,24.0,303
191.76862025267798,51975177.15333035,40454674.23994269,3,47.0,304
167.96475424860373,50346733.41806569,38826230.50467803,2,51.0,305
228.23336813942356,54469763.12705463,42949260.213666975,1,13.0,306
243.42059780199233,55508735.073704086,43988232.16031643,0,0.0,307
216.3298314988965,53655431.55308082,42134928.63969316,1,22.0,308
227.89655304281564,54446721.30544802,42926218.39206036,2,21.0,309
195.74900489811145,52247478.82225633,40726975.90886867,3,36.0,310
206.65793920035335,52993768.76187617,41473265.84848852,1,33.0,311
178.051906642235,51036804.52329108,39516301.609903425,2,52.0,312
243.42059780199233,55508735.073704086,43988232.16031643,0,0.0,313
136.421006875639,48188797.484991476,36668294.57160382,3,78.0,314
214.29218554810845,53516034.37353526,41995531.460147604,1,19.0,315
145.3091528708931,48796843.49153562,37276340.57814796,2,66.0,316
198.78060525224072,52454873.31034758,40934370.39695992,1,31.0,317
205.41542801582315,52908767.46191514,41388264.54852749,2,29.0,318
232.03743351898962,54730002.63751194,43209499.72412428,1,18.0,319
129.5867456706845,47721259.571508616,36200756.65812096,4,98.0,320
194.789556107233,52181842.07348006,40661339.160092406,2,52.0,321
159.16227218553925,49744547.75763879,38224044.84425113,4,69.0,322
218.94060188761242,53834036.68734729,42313533.77395964,1,17.0,323
222.55146328315402,54081058.940685146,42560556.02729749,1,33.0,324
185.35805340979246,51536624.549605995,40016121.63621834,3,49.0,325
154.27112494688924,49409940.006205745,37889437.09281809,3,81.0,326
191.09873700692404,51929349.842139795,40408846.92875214,2,39.0,327
227.47206690235404,54417681.82942244,42897178.91603478,1,12.0,328
236.49622679422083,55035032.66812325,43514529.7547356,1,5.0,329
208.86544751944265,53144786.377760515,41624283.46437286,1,26.0,330
195.49439003673473,52230060.3921642,40709557.478776544,2,38.0,331
159.14788234618987,49743563.335875705,38223060.42248805,3,59.0,332
171.2206815984506,50569474.3163058,39048971.402918145,3,71.0,333
215.86191076532535,53623420.67774426,42102917.764356606,1,19.0,334
136.7469946492987,48211098.599764094,36690595.68637644,4,99.0,335
170.94352221523414,50550513.59533757,39030010.68194991,5,65.0,336
212.22803898848048,53374824.263668284,41854321.35028063,1,28.0,337
243.42059780199233,55508735.073704086,43988232.16031643,0,0.0,338
222.3921259615125,54070158.53218946,42549655.6188018,1,18.0,339
234.22215182708163,54879461.168387614,43358958.25499996,1,6.0,340
194.95000074759184,52192818.234638266,40672315.32125061,1,35.0,341
209.76270543472867,53206168.59318779,41685665.67980013,2,26.0,342
155.94227463687128,49524264.84919028,38003761.93580262,4,71.0,343
200.95620960273735,52603708.34724345,41083205.433855794,2,30.0,344
164.72152719836953,50124861.358666144,38604358.44527849,2,59.0,345
228.21925138951158,54468797.38758389,42948294.47419623,2,10.0,346
227.53803208132908,54422194.56623708,42901691.65284942,2,12.0,347
243.42059780199233,55508735.073704086,43988232.16031643,0,0.0,348
151.484944024982,49219334.88068465,37698831.967296995,3,80.0,349
202.0247815006783,52676810.30524406,41156307.3918564,2,37.0,350
211.11401903085505,53298613.16330986,41778110.2499222,1,29.0,351
156.24780193444383,49545166.24451822,38024663.331130564,2,66.0,352
183.84798334889535,51433319.307925604,39912816.39453795,2,41.0,353
207.52905049042943,53053362.26331833,41532859.349930674,3,26.0,354
231.10661311876694,54666324.38251169,43145821.469124034,1,10.0,355
192.00897120728214,51991619.776819445,40471116.86343179,2,49.0,356
151.15107559694897,49196494.643307246,37675991.72991959,3,72.0,357
211.40423762560633,53318467.276603855,41797964.3632162,1,26.0,358
189.51720097259593,51821155.54938264,40300652.635994986,2,43.0,359
223.81625931459877,54167584.76692872,42647081.85354106,1,31.0,360
193.0206062135631,52060826.631204806,40540323.71781715,1,35.0,361
152.6609435626037,49299786.0594716,37779283.14608394,2,64.0,362
130.97852712737816,47816472.584118515,36295969.67073086,3,85.0,363
243.42059780199233,55508735.073704086,43988232.16031643,0,0.0,364
163.69571365416627,50054684.53783706,38534181.6244494,2,55.0,365
217.10798797246065,53708665.93249693,42188163.01910927,1,19.0,366
236.93378599284986,55064966.483735085,43544463.57034743,1,6.0,367
213.47996630050912,53460469.72932209,41939966.815934435,2,26.0,368
243.42059780199233,55508735.073704086,43988232.16031643,0,0.0,369
208.82426815323248,53141969.26053612,41621466.34714846,1,32.0,370
180.04244066819138,51172978.73397791,39652475.82059025,2,48.0,371
231.40503550326724,54686739.72439015,43166236.81100249,1,19.0,372
228.24304542465538,54470425.15878122,42949922.24539357,1,24.0,373
205.24724528399366,52897261.93100766,41376759.017620005,1,31.0,374
207.81343030631655,53072816.94053496,41552314.0271473,3,38.0,375
206.0766999367579,52954005.66468307,41433502.75129541,2,25.0,376
229.36583888218362,54547236.462104596,43026733.54871694,1,13.0,377
164.4168438367625,50104017.697751425,38583514.78436377,4,57.0,378
188.1980628081088,51730912.12927853,40210409.21589088,3,42.0,379
189.7629962816799,51837970.62602468,40317467.71263702,1,35.0,380
243.42059780199233,55508735.073704086,43988232.16031643,0,0.0,381
226.71029843761096,54365568.568327755,42845065.6549401,1,15.0,382
243.42059780199233,55508735.073704086,43988232.16031643,0,0.0,383
200.22060501191012,52553384.98013327,41032882.06674562,1,30.0,384
189.21648598714938,51800583.36862567,40280080.455238014,2,39.0,385
156.28725345523384,49547865.158294074,38027362.24490642,2,65.0,386
202.53190255661488,52711502.909647875,41190999.99626022,1,35.0,387
243.42059780199233,55508735.073704086,43988232.16031643,0,0.0,388
234.50843814098894,54899046.27083671,43378543.357449055,1,8.0,389
216.29108864179372,53652781.119620785,42132278.20623313,1,18.0,390
150.79984286178015,49172466.498168655,37651963.584781,3,77.0,391
243.42059780199233,55508735.073704086,43988232.16031643,0,0.0,392
199.10462335225475,52477039.67798677,40956536.764599115,1,32.0,393
214.41145355286918,53524193.60427269,42003690.69088504,1,20.0,394
178.4900286478066,51066776.84102857,39546273.927640915,2,47.0,395
197.4283679274388,52362365.54712173,40841862.63373408,1,30.0,396
207.74313285170876,53068007.828874625,41547504.91548697,1,33.0,397
217.7981387766076,53755879.76546039,42235376.85207273,1,23.0,398
207.17175335448127,53028919.24710562,41508416.333717965,2,31.0,399
243.42059780199233,55508735.073704086,43988232.16031643,0,0.0,400
210.98653875628,53289892.12385912,41769389.210471466,1,30.0,401
182.8813250965569,51367189.353451274,39846686.44006362,3,45.0,402
179.94559199215112,51166353.229543485,39645850.31615583,3,64.0,403
226.01511125251844,54318010.19204525,42797507.27865759,1,12.0,404
243.42059780199233,55508735.073704086,43988232.16031643,0,0.0,405
179.7091993255577,51150181.39607279,39629678.482685134,2,48.0,406
243.42059780199233,55508735.073704086,43988232.16031643,0,0.0,407
243.42059780199233,55508735.073704086,43988232.16031643,0,0.0,408
215.38263534801925,53590633.01835125,42070130.10496359,1,24.0,409
179.3140373009547,51123148.00900579,39602645.095618136,4,51.0,410
204.54060429091834,52848919.98949036,41328417.076102704,1,27.0,411
164.1036246552681,50082590.0937739,38562087.180386245,2,56.0,412
183.28076003704075,51394515.05451032,39874012.14112266,2,43.0,413
216.0606023682736,53637013.34777591,42116510.43438825,1,19.0,414
151.34477729702758,49209745.949626535,37689243.03623888,4,66.0,415
243.42059780199233,55508735.073704086,43988232.16031643,0,0.0,416
146.88283304666191,48904500.35799178,37383997.44460412,3,67.0,417
188.37218987405913,51742824.31739278,40222321.404005125,2,37.0,418
180.7837349243636,51223691.336176425,39703188.42278877,3,48.0,419
218.49286217401493,53803406.41361309,42282903.50022543,1,18.0,420
211.37955514609314,53316778.726133645,41796275.81274599,2,25.0,421
161.90170390503403,49931954.72846583,38411451.81507818,3,59.0,422
85.96578621725467,44737110.77248524,33216607.859097585,4,117.0,423
170.5890018289476,50526260.53904944,39005757.62566178,3,52.0,424
141.79104523559064,48556166.6057846,37035663.692396946,5,78.0,425
197.65264301514853,52377708.40619741,40857205.49280975,2,43.0,426
191.29744851108453,51942943.87363115,40422440.96024349,2,46.0,427
201.97264229415677,52673243.41555449,41152740.50216684,2,40.0,428
186.9491334341945,51645471.75524893,40124968.84186127,2,39.0,429
195.98876262368262,52263880.8624174,40743377.94902974,2,34.0,430
177.25398800107348,50982218.19633781,39461715.282950155,3,61.0,431
243.42059780199233,55508735.073704086,43988232.16031643,0,0.0,432
194.4630841878044,52159507.837862946,40639004.92447529,3,40.0,433
135.28038816311349,48110766.74005198,36590263.82666432,4,85.0,434
243.42059780199233,55508735.073704086,43988232.16031643,0,0.0,435
197.3406054925713,52356361.640561886,40835858.72717423,1,32.0,436
199.66364488975918,52515282.840692826,40994779.92730517,3,39.0,437
206.02899436002625,52950742.0835676,41430239.17017994,1,27.0,438
181.19945870456536,51252131.371309966,39731628.45792231,3,50.0,439
211.11401903085505,53298613.16330986,41778110.2499222,1,29.0,440
216.00710120635003,53633353.28550077,42112850.372113116,2,19.0,441
243.42059780199233,55508735.073704086,43988232.16031643,0,0.0,442
226.65647973855394,54361886.783053696,42841383.86966604,2,13.0,443
193.72144424120185,52108771.58667331,40588268.673285656,2,39.0,444
217.500602127943,53735525.0175616,42215022.10417394,1,18.0,445
199.45297950120192,52500871.03329253,40980368.119904876,2,30.0,446
148.85490951396048,49039411.870604284,37518908.95721663,3,73.0,447
189.3956262154124,51812838.511651546,40292335.59826389,2,43.0,448
142.95343160414785,48635686.495516375,37115183.58212872,3,83.0,449
217.5286240343299,53737442.02120706,42216939.1078194,2,21.0,450
243.42059780199233,55508735.073704086,43988232.16031643,0,0.0,451
180.9611821591316,51235830.6600051,39715327.746617444,3,60.0,452
243.42059780199233,55508735.073704086,43988232.16031643,0,0.0,453
230.77263748754487,54643476.81126836,43122973.8978807,1,20.0,454
214.33823956935206,53519184.97026459,41998682.056876935,1,21.0,455
222.6670108143088,54088963.650500014,42568460.73711236,1,23.0,456
176.28347987521585,50915824.86857727,39395321.955189615,2,59.0,457
186.83171741393875,51637439.220425695,40116936.30703804,2,49.0,458
198.30174575510696,52422114.104425065,40901611.19103741,2,39.0,459
153.34169786182542,49346357.06914005,37825854.15575239,5,77.0,460
179.62280782381282,51144271.2762724,39623768.362884745,2,58.0,461
243.42059780199233,55508735.073704086,43988232.16031643,0,0.0,462
166.95789121379107,50277853.018510856,38757350.1051232,3,64.0,463
144.046571684343,48710469.18480962,37189966.27142196,4,81.0,464
225.98571178895946,54315998.94848319,42795496.035095535,2,23.0,465
204.64412015847196,52856001.60245143,41335498.68906377,1,28.0,466
195.89529359828705,52257486.562902324,40736983.64951467,1,31.0,467
174.88368183956177,50820063.43464018,39299560.52125252,4,58.0,468
223.3682385647347,54136935.26725249,42616432.35386483,1,18.0,469
187.17117035430667,51660661.499280095,40140158.58589244,2,57.0,470
215.5502115493729,53602097.05596712,42081594.142579466,3,26.0,471
192.40703514943903,52018851.686658345,40498348.77327069,2,40.0,472
188.18604073509434,51730089.68852534,40209586.775137685,2,37.0,473
243.42059780199233,55508735.073704086,43988232.16031643,0,0.0,474
206.6370562845897,52992340.142955884,41471837.22956823,2,29.0,475
171.05658967498005,50558248.64125212,39037745.72786447,3,55.0,476
243.42059780199233,55508735.073704086,43988232.16031643,0,0.0,477
175.74050867316572,50878679.72365601,39358176.81026836,3,53.0,478
198.9614422565906,52467244.53134114,40946741.61795349,1,29.0,479
214.33823956935206,53519184.97026459,41998682.056876935,1,21.0,480
194.11455958647826,52135664.958579466,40615162.04519181,3,55.0,481
206.21063440698626,52963168.24142341,41442665.32803576,2,25.0,482
243.42059780199233,55508735.073704086,43988232.16031643,0,0.0,483
90.33522725697091,45036028.13685439,33515525.22346673,5,128.0,484
184.76428649384187,51496004.4245254,39975501.511137746,2,43.0,485
243.42059780199233,55508735.073704086,43988232.16031643,0,0.0,486
193.49843663553287,52093515.43717617,40573012.52378851,2,38.0,487
218.88738065476588,53830395.77527036,42309892.8618827,1,21.0,488
243.42059780199233,55508735.073704086,43988232.16031643,0,0.0,489
243.42059780199233,55508735.073704086,43988232.16031643,0,0.0,490
243.42059780199233,55508735.073704086,43988232.16031643,0,0.0,491
185.20445790201575,51526116.94372546,40005614.0303378,3,46.0,492
243.42059780199233,55508735.073704086,43988232.16031643,0,0.0,493
226.73462876780968,54367233.02794883,42846730.11456117,2,20.0,494
203.5326763857939,52779966.74120635,41259463.82781869,2,27.0,495
229.4016165750058,54549684.04602767,43029181.13264001,1,12.0,496
224.44865733032114,54210847.68005051,42690344.76666285,1,30.0,497
192.78072613135845,52044416.22051715,40523913.307129495,2,34.0,498
208.86060356992658,53144454.99884743,41623952.085459776,1,24.0,499
240.25860772338046,55292420.50809515,43771917.5947075,1,5.0,500
198.19041579314845,52414497.92228609,40893995.00889844,2,35.0,501
243.42059780199233,55508735.073704086,43988232.16031643,0,0.0,502
215.63674326621245,53608016.76800738,42087513.85461973,2,34.0,503
199.9057628978629,52531846.34989019,41011343.43650253,2,40.0,504
163.99054705886644,50074854.35440167,38554351.441014014,2,55.0,505
227.58060044562885,54425106.70606145,42904603.7926738,1,11.0,506
232.669831534712,54773265.55063372,43252762.637246065,1,17.0,507
190.9997428562574,51922577.56386982,40402074.65048216,2,44.0,508
217.25303160013053,53718588.4966207,42198085.58323304,1,29.0,509
212.72798435684177,53409025.97287565,41888523.05948799,3,31.0,510
184.48955790679472,51477209.99649432,39956707.08310667,2,45.0,511
171.57298206151958,50593575.50566376,39073072.592276104,3,58.0,512
185.88209139665338,51572474.456364766,40051971.54297711,2,40.0,513
221.95755719386736,54040429.294632316,42519926.38124466,1,14.0,514
207.52544331632592,53053115.493315935,41532612.57992828,3,25.0,515
143.4009243898159,48666299.87669037,37145796.96330272,3,88.0,516
198.56289589504175,52439979.61876074,40919476.705373086,2,31.0,517
175.7884342634771,50881958.356096976,39361455.44270932,2,56.0,518
198.88140350771778,52461769.0090391,40941266.09565144,2,38.0,519
168.9294773005886,50412730.983755276,38892228.07036762,3,74.0,520
198.45642421585146,52432695.796085425,40912192.88269777,1,31.0,521
176.14112381708352,50906086.16348614,39385583.25009848,3,52.0,522
234.50843814098894,54899046.27083671,43378543.357449055,1,8.0,523
238.00661858781402,55138359.919824764,43617857.00643711,1,6.0,524
243.42059780199233,55508735.073704086,43988232.16031643,0,0.0,525
243.42059780199233,55508735.073704086,43988232.16031643,0,0.0,526
243.42059780199233,55508735.073704086,43988232.16031643,0,0.0,527
243.42059780199233,55508735.073704086,43988232.16031643,0,0.0,528
144.32753713337507,48729690.28213993,37209187.36875227,4,76.0,529
202.80779585321994,52730377.01650014,41209874.10311248,1,28.0,530
162.00792654558043,49939221.51418508,38418718.60079742,3,63.0,531
194.105052578483,52135014.57567073,40614511.66228307,1,34.0,532
233.69038008827863,54843082.188750595,43322579.27536294,1,9.0,533
216.68411881898217,53679668.66510197,42159165.75171431,1,24.0,534
215.81820101831158,53620430.45490894,42099927.54152128,2,24.0,535
233.72647839111224,54845551.705890924,43325048.79250327,1,7.0,536
185.57523888191676,51551482.401746936,40030979.48835928,2,51.0,537
209.90540345475623,53215930.69219762,41695427.778809965,1,31.0,538
147.10282324417224,48919550.08390159,37399047.170513935,3,84.0,539
224.47167055236827,54212422.035126455,42691919.1217388,1,21.0,540
160.89934329970345,49863382.344133504,38342879.43074585,3,80.0,541
202.95820646019027,52740666.740471706,41220163.82708405,2,37.0,542
196.94243076613034,52329122.15187116,40808619.2384835,3,36.0,543
243.42059780199233,55508735.073704086,43988232.16031643,0,0.0,544
167.21706101393335,50295583.056032464,38775080.14264481,2,59.0,545
243.42059780199233,55508735.073704086,43988232.16031643,0,0.0,546
196.14422635830283,52274516.27536502,40754013.36197736,2,39.0,547
195.9006057329019,52257849.97077619,40737347.05738854,1,33.0,548
193.98957057914149,52127114.34894573,40606611.43555807,3,44.0,549
217.1118247376216,53708928.409028634,42188425.49564098,2,25.0,550
210.92888852213767,53285948.2198475,41765445.306459844,3,32.0,551
195.7751162994609,52249265.12654569,40728762.213158034,2,33.0,552
237.8504980138652,55127679.571911976,43607176.65852432,1,5.0,553
243.42059780199233,55508735.073704086,43988232.16031643,0,0.0,554
243.42059780199233,55508735.073704086,43988232.16031643,0,0.0,555
208.25584682685192,53103083.04987703,41582580.13648938,2,24.0,556
243.42059780199233,55508735.073704086,43988232.16031643,0,0.0,557
171.9863617551217,50621855.17973926,39101352.2663516,4,55.0,558
192.9826506507794,52058230.05725237,40537727.14386471,2,39.0,559
164.95036434191496,50140516.31205642,38620013.398668766,2,53.0,560
222.55146328315402,54081058.940685146,42560556.02729749,1,33.0,561
166.0442300197377,50215348.64013148,38694845.726743825,2,53.0,562
243.42059780199233,55508735.073704086,43988232.16031643,0,0.0,563
228.18698158489505,54466589.78142626,42946086.8680386,1,11.0,564
166.40452021917469,50239996.41449091,38719493.50110325,3,63.0,565
184.7654691213674,51496085.32913076,39975582.415743105,2,44.0,566
224.47167055236827,54212422.035126455,42691919.1217388,1,21.0,567
237.1042887187843,55076630.72751154,43556127.814123884,1,7.0,568
186.88031361512762,51640763.7299558,40120260.81656814,4,46.0,569
232.34160418955793,54750811.224774756,43230308.3113871,1,8.0,570
227.20356827913616,54399313.5987816,42878810.685393944,1,15.0,571
204.62261777401812,52854530.605124734,41334027.69173708,2,35.0,572
173.4875948899665,50724555.87941515,39204052.96602749,3,65.0,573
168.05113397066876,50352642.73200765,38832139.81862,4,62.0,574
227.82431839523642,54441779.66868618,42921276.755298525,1,14.0,575
240.25860772338046,55292420.50809515,43771917.5947075,1,5.0,576
220.8126735018268,53962106.77863467,42441603.86524701,1,15.0,577
243.42059780199233,55508735.073704086,43988232.16031643,0,0.0,578
202.7844483473486,52728779.79276918,41208276.87938152,1,33.0,579
243.42059780199233,55508735.073704086,43988232.16031643,0,0.0,580
221.79123951614736,54029051.35374236,42508548.440354705,2,15.0,581
138.65712627839463,48341772.41066522,36821269.497277565,4,94.0,582
178.4155855340325,51061684.12112171,39541181.207734056,4,52.0,583
194.7979154123077,52182413.941006854,40661911.0276192,2,40.0,584
206.87547878614734,53008650.83924956,41488147.9258619,2,25.0,585
208.01061639313338,53086306.616863295,41565803.70347564,2,40.0,586
166.54749598114213,50249777.51407493,38729274.60068727,3,58.0,587
181.07346081201428,51243511.74293757,39723008.829549916,2,59.0,588
171.15067955319384,50564685.41386304,39044182.500475384,2,51.0,589
211.74060308926536,53341478.33841882,41820975.42503116,1,22.0,590
170.59778756869918,50526861.57935338,39006358.66596572,4,61.0,591
224.48225852236013,54213146.367610924,42692643.45422327,1,17.0,592
167.11026779775904,50288277.23672487,38767774.32333721,3,57.0,593
209.11253674323208,53161689.97226329,41641187.058875635,2,30.0,594
194.12311737586523,52136250.40459536,40615747.491207704,2,35.0,595
243.42059780199233,55508735.073704086,43988232.16031643,0,0.0,596
214.6206026086042,53538501.677990206,42017998.76460255,1,20.0,597
203.54927055289656,52781101.96299996,41260599.049612306,1,30.0,598
142.4445821249377,48600875.64813257,37080372.734744914,3,77.0,599
177.42626357120716,50994003.721969455,39473500.8085818,3,49.0,600
208.86060356992658,53144454.99884743,41623952.085459776,1,24.0,601
175.45824605827806,50859369.886050865,39338866.97266321,2,48.0,602
195.7667102529609,52248690.06139623,40728187.14800857,2,32.0,603
230.1301553856271,54599524.03680271,43079021.12341505,1,10.0,604
191.85451802772596,51981053.4968464,40460550.583458744,2,34.0,605
192.32834928280494,52013468.716238655,40492965.802851,3,38.0,606
217.825357100278,53757741.79529444,42237238.881906785,2,32.0,607
184.0488998499363,51447064.18522307,39926561.27183542,2,46.0,608
191.2960706108317,51942849.61024409,40422346.69685643,1,34.0,609
107.66315069003744,46221446.8564394,34700943.94305174,3,94.0,610
243.42059780199233,55508735.073704086,43988232.16031643,0,0.0,611
243.42059780199233,55508735.073704086,43988232.16031643,0,0.0,612
243.42059780199233,55508735.073704086,43988232.16031643,0,0.0,613
212.51044070866746,53394143.6175912,41873640.704203546,3,24.0,614
207.2435819186552,53033833.10333897,41513330.189951316,2,29.0,615
200.8911820696235,52599259.75561969,41078756.84223203,1,32.0,616
212.6356360939289,53402708.3457231,41882205.432335444,1,25.0,617
205.58086224866125,52920084.96555162,41399582.052163966,1,35.0,618
243.42059780199233,55508735.073704086,43988232.16031643,0,0.0,619
180.12475047974516,51178609.62170651,39658106.70831885,3,55.0,620
243.42059780199233,55508735.073704086,43988232.16031643,0,0.0,621
243.42059780199233,55508735.073704086,43988232.16031643,0,0.0,622
142.64168338291879,48614359.52124449,37093856.60785683,3,84.0,623
161.7786347926337,49923535.46055958,38403032.54717192,3,60.0,624
224.51133844885436,54215135.75135696,42694632.8379693,2,14.0,625
158.11190226144817,49672691.012927495,38152188.09953984,2,56.0,626
201.48592198608992,52639946.44453467,41119443.53114701,2,28.0,627
209.8493240296774,53212094.2486371,41691591.33524945,2,39.0,628
243.42059780199233,55508735.073704086,43988232.16031643,0,0.0,629
193.24736119914496,52076339.142308995,40555836.22892134,2,37.0,630
191.82175062473405,51978811.84953945,40458308.936151795,3,47.0,631
214.78389368844933,53549672.566616155,42029169.6532285,1,19.0,632
199.562137827987,52508338.65192955,40987835.73854189,1,33.0,633
243.42059780199233,55508735.073704086,43988232.16031643,0,0.0,634
243.42059780199233,55508735.073704086,43988232.16031643,0,0.0,635
231.10661311876694,54666324.38251169,43145821.469124034,1,10.0,636
236.2205990036453,55016176.72477561,43495673.811387956,1,5.0,637
175.5942047585157,50868670.94217422,39348168.02878656,2,47.0,638
196.2266852482694,52280157.36168099,40759654.448293336,2,50.0,639
135.4404668163706,48121717.86370565,36601214.950317994,3,77.0,640
87.9247091069137,44871122.43710248,33350619.523714826,5,130.0,641
235.11135259266652,54940292.187007084,43419789.27361943,1,6.0,642
225.41723318178643,54277108.81919393,42756605.90580627,1,13.0,643
171.17303929070948,50566215.06347851,39045712.15009085,2,61.0,644
187.48775141463543,51682319.09239155,40161816.179003894,3,66.0,645
243.42059780199233,55508735.073704086,43988232.16031643,0,0.0,646
226.12243297761242,54325352.1671201,42804849.25373244,1,16.0,647
243.42059780199233,55508735.073704086,43988232.16031643,0,0.0,648
163.2346235390275,50023140.951208666,38502638.03782101,3,74.0,649
229.50784145610015,54556950.985024795,43036448.07163714,1,22.0,650
178.51055562713938,51068181.11001969,39547678.196632035,2,50.0,651
205.8580438221276,52939047.20457469,41418544.29118703,2,31.0,652
181.5348512212726,51275075.87295491,39754572.959567256,3,43.0,653
195.55550979093914,52234241.64914229,40713738.73575463,1,33.0,654
243.42059780199233,55508735.073704086,43988232.16031643,0,0.0,655
226.38422131136036,54343261.340864584,42822758.42747693,2,18.0,656
193.324980039733,52081649.11652379,40561146.20313613,4,52.0,657
215.31107996237498,53585737.85050511,42065234.93711746,1,26.0,658
222.34869080619714,54067187.09441748,42546684.18102983,2,24.0,659
223.35786346540007,54136225.49743984,42615722.58405218,2,15.0,660
175.5915550662861,50868489.674362056,39347986.7609744,4,63.0,661
207.53640327780613,53053865.27407038,41533362.360682726,1,27.0,662
115.97820241905099,46790286.97233469,35269784.058947034,4,95.0,663
211.74060308926536,53341478.33841882,41820975.42503116,1,22.0,664
243.42059780199233,55508735.073704086,43988232.16031643,0,0.0,665
190.06386682648005,51858553.44873598,40338050.535348326,2,55.0,666
197.78645390700828,52386862.528831184,40866359.61544353,2,34.0,667
210.06008191550072,53226512.38385799,41706009.47047033,1,23.0,668
162.21371278373314,49953299.534548074,38432796.62116042,4,59.0,669
194.56669487159482,52166595.937287465,40646093.02389981,3,43.0,670
243.42059780199233,55508735.073704086,43988232.16031643,0,0.0,671
199.44211194962202,52500127.57438191,40979624.660994254,2,31.0,672
226.55678018132272,54355066.24729055,42834563.333902895,1,11.0,673
207.77195915797878,53069979.86223459,41549476.948846936,1,32.0,674
234.22215182708163,54879461.168387614,43358958.25499996,1,6.0,675
217.76631125119368,53753702.41601806,42233199.502630405,2,19.0,676
219.42571487139173,53867223.69987693,42346720.78648927,2,21.0,677
243.42059780199233,55508735.073704086,43988232.16031643,0,0.0,678
173.49456341425912,50725032.602386385,39204529.68899873,3,63.0,679
205.57336964121757,52919572.38958391,41399069.47619625,2,33.0,680
232.68907749792987,54774582.184168205,43254079.27078055,1,7.0,681
215.84111330696587,53621997.90504133,42101494.99165367,2,20.0,682
243.42059780199233,55508735.073704086,43988232.16031643,0,0.0,683
182.34701754356544,51330636.8965006,39810133.983112946,2,51.0,684
124.70656576223375,47387402.10493067,35866899.19154301,4,97.0,685
168.60089887420472,50390252.64011579,38869749.726728134,3,74.0,686
233.30222955043436,54816528.46375551,43296025.550367855,1,16.0,687
157.28950476372685,49616430.065532126,38095927.15214447,2,61.0,688
243.42059780199233,55508735.073704086,43988232.16031643,0,0.0,689
229.67275896478972,54568233.13910074,43047730.22571308,2,12.0,690
196.1907050957291,52277695.92730777,40757193.01392011,2,44.0,691
230.95672998800364,54656070.74365859,43135567.83027093,1,9.0,692
197.3406054925713,52356361.640561886,40835858.72717423,1,32.0,693
157.9403298872789,49660953.59355987,38140450.68017221,3,63.0,694
181.67374139955916,51284577.47411003,39764074.56072237,2,59.0,695
209.02699169128806,53155837.75884983,41635334.84546217,3,28.0,696
166.5579892711655,50250495.369418174,38729992.45603052,2,67.0,697
200.22060501191012,52553384.98013327,41032882.06674562,1,30.0,698
131.37742115862133,47843761.281093255,36323258.3677056,3,89.0,699
222.55146328315402,54081058.940685146,42560556.02729749,1,33.0,700
210.30940629451942,53243568.88732647,41723065.973938815,2,24.0,701
230.7879796355763,54644526.381319,43124023.467931345,1,14.0,702
217.25303160013053,53718588.4966207,42198085.58323304,1,29.0,703
243.42059780199233,55508735.073704086,43988232.16031643,0,0.0,704
243.42059780199233,55508735.073704086,43988232.16031643,0,0.0,705
243.42059780199233,55508735.073704086,43988232.16031643,0,0.0,706
129.5247008593885,47717015.03054861,36196512.11716095,4,84.0,707
201.87437175536334,52666520.6402191,41146017.72683144,1,30.0,708
206.1302070238216,52957666.132302314,41437163.21891466,2,31.0,709
105.47629252762201,46071841.93621811,34551339.02283046,5,114.0,710
125.29672992722031,47427775.76259979,35907272.84921213,4,90.0,711
243.42059780199233,55508735.073704086,43988232.16031643,0,0.0,712
175.1891104226165,50840958.07681978,39320455.16343212,2,51.0,713
179.27337631066376,51120366.35434105,39599863.440953396,2,47.0,714
226.1430226607175,54326760.7257323,42806257.81234464,1,13.0,715
206.6268139023495,52991639.4524382,41471136.53905054,1,24.0,716
230.46059996496768,54622130.04563284,43101627.13224518,1,9.0,717
160.28043429043143,49821042.22599155,38300539.31260389,3,86.0,718
207.77195915797878,53069979.86223459,41549476.948846936,1,32.0,719
190.67178456533182,51900141.644250944,40379638.73086329,2,35.0,720
233.93462756615673,54859791.37687729,43339288.46348964,1,15.0,721
132.46983026274515,47918493.96366053,36397991.050272875,3,86.0,722
243.42059780199233,55508735.073704086,43988232.16031643,0,0.0,723
180.9947728497013,51238128.62915062,39717625.715762965,4,46.0,724
210.031531629405,53224559.23328469,41704056.31989703,2,29.0,725
181.36153118824132,51263218.89468351,39742715.981295854,3,53.0,726
236.2205990036453,55016176.72477561,43495673.811387956,1,5.0,727
234.07461031733465,54869367.721919805,43348864.80853215,1,8.0,728
213.86703456225143,53486949.41484234,41966446.50145468,1,24.0,729
182.66113525250356,51352125.96954312,39831623.056155466,3,45.0,730
243.42059780199233,55508735.073704086,43988232.16031643,0,0.0,731
195.89529359828705,52257486.562902324,40736983.64951467,1,31.0,732
198.23309358635046,52417417.54823942,40896914.63485176,1,34.0,733
243.42059780199233,55508735.073704086,43988232.16031643,0,0.0,734
209.39181758485762,53180795.82409622,41660292.91070856,3,28.0,735
207.74313285170876,53068007.828874625,41547504.91548697,1,33.0,736
202.72633406169436,52724804.14257913,41204301.229191475,1,27.0,737
184.70758323460814,51492125.303913124,39971622.39052547,2,51.0,738
192.31358710562606,52012458.82251208,40491955.90912443,2,45.0,739
126.70009050423785,47523780.91317367,36003277.99978601,4,80.0,740
161.44348443441584,49900607.52519319,38380104.611805536,3,65.0,741
181.11903404262839,51246629.4483505,39726126.53496284,2,48.0,742
194.94784722403435,52192670.91016815,40672167.99678049,2,46.0,743
237.26360546037964,55087529.728107885,43567026.81472023,1,5.0,744
159.62871796871124,49776457.73030109,38255954.81691343,2,58.0,745
199.71194415500563,52518587.03656987,40998084.123182215,1,29.0,746
183.3585035572882,51399833.55817197,39879330.64478432,4,45.0,747
243.42059780199233,55508735.073704086,43988232.16031643,0,0.0,748
204.86839942777934,52871344.74759395,41350841.83420629,1,33.0,749
234.07461031733465,54869367.721919805,43348864.80853215,1,8.0,750
243.42059780199233,55508735.073704086,43988232.16031643,0,0.0,751
210.70964160569036,53270949.342459105,41750446.42907145,1,28.0,752
243.42059780199233,55508735.073704086,43988232.16031643,0,0.0,753
231.16637826811268,54670412.969761446,43149910.05637379,1,11.0,754
235.2996289807249,54953172.3428851,43432669.42949744,1,9.0,755
71.77990345656977,43766641.86180987,32246138.948422216,6,132.0,756
151.25530104853542,49203624.799545825,37683121.88615817,2,62.0,757
202.5449015470904,52712392.18219717,41191889.26880951,2,39.0,758
229.02060020529825,54523618.375847146,43003115.46245949,1,10.0,759
215.51066872762527,53599391.8962112,42078888.98282354,1,21.0,760
243.42059780199233,55508735.073704086,43988232.16031643,0,0.0,761
243.42059780199233,55508735.073704086,43988232.16031643,0,0.0,762
208.25038966569755,53102709.72060805,41582206.80722039,3,43.0,763
188.83824611428784,51774707.64107438,40254204.727686726,2,38.0,764
206.65793920035335,52993768.76187617,41473265.84848852,1,33.0,765
243.42059780199233,55508735.073704086,43988232.16031643,0,0.0,766
140.35075748110972,48457635.23401661,36937132.320628956,4,97.0,767
185.73790077474044,51562610.24712675,40042107.333739094,4,48.0,768
207.4577564098206,53048484.97158307,41527982.05819541,2,27.0,769
243.42059780199233,55508735.073704086,43988232.16031643,0,0.0,770
160.95755263266173,49867364.496594526,38346861.58320687,4,58.0,771
243.42059780199233,55508735.073704086,43988232.16031643,0,0.0,772
201.66060477157953,52651896.64991897,41131393.73653132,1,29.0,773
165.8267984243468,50200473.950478025,38679971.03709037,3,58.0,774
211.74060308926536,53341478.33841882,41820975.42503116,1,22.0,775
197.4283679274388,52362365.54712173,40841862.63373408,1,30.0,776
202.53190255661488,52711502.909647875,41190999.99626022,1,35.0,777
214.9066232547252,53558068.60586875,42037565.69248109,2,32.0,778
185.86911397965824,51571586.65967653,40051083.74628887,2,40.0,779
217.10798797246065,53708665.93249693,42188163.01910927,1,19.0,780
234.5670255818791,54903054.28999908,43382551.37661143,1,14.0,781
181.3799758424356,51264480.70995195,39743977.796564296,3,48.0,782
225.41723318178643,54277108.81919393,42756605.90580627,1,13.0,783
226.18101924547682,54329360.10603473,42808857.19264708,1,14.0,784
180.31490353370864,51191618.161975354,39671115.2485877,3,43.0,785
243.42059780199233,55508735.073704086,43988232.16031643,0,0.0,786
177.82402944004525,51021215.24034637,39500712.326958716,2,61.0,787
218.94060188761242,53834036.68734729,42313533.77395964,1,17.0,788
243.42059780199233,55508735.073704086,43988232.16031643,0,0.0,789
243.42059780199233,55508735.073704086,43988232.16031643,0,0.0,790
231.16637826811268,54670412.969761446,43149910.05637379,1,11.0,791
243.42059780199233,55508735.073704086,43988232.16031643,0,0.0,792
235.83182161332385,54989580.11624265,43469077.20285499,1,12.0,793
215.19030036025572,53577475.21004221,42056972.29665455,2,23.0,794
165.76616060349025,50196325.662990734,38675822.74960308,2,52.0,795
229.4016165750058,54549684.04602767,43029181.13264001,1,12.0,796
126.06743346844684,47480500.28025763,35959997.36686997,4,88.0,797
243.42059780199233,55508735.073704086,43988232.16031643,0,0.0,798
243.42059780199233,55508735.073704086,43988232.16031643,0,0.0,799
230.95672998800364,54656070.74365859,43135567.83027093,1,9.0,800
179.1341714185224,51110843.22333003,39590340.30994237,2,52.0,801
179.19286002276306,51114858.16316756,39594355.2497799,3,47.0,802
212.84668486126344,53417146.38040799,41896643.46702033,2,22.0,803
230.1402394718225,54600213.89814657,43079710.98475891,1,21.0,804
217.79828359513806,53755889.672625415,42235386.75923776,1,17.0,805
198.78079293955147,52454886.15020415,40934383.236816496,2,39.0,806
203.7001509921971,52791423.82862091,41270920.915233254,1,34.0,807
138.28014215191914,48315982.58984586,36795479.6764582,5,82.0,808
151.35025631384457,49210120.77406091,37689617.860673256,3,66.0,809
243.42059780199233,55508735.073704086,43988232.16031643,0,0.0,810
177.76340468496056,51017067.8467002,39496564.93331254,2,60.0,811
226.12243297761242,54325352.1671201,42804849.25373244,1,16.0,812
243.42059780199233,55508735.073704086,43988232.16031643,0,0.0,813
227.82431839523642,54441779.66868618,42921276.755298525,1,14.0,814
186.70429713035506,51628722.28501227,40108219.37162461,2,42.0,815
162.2028420047833,49952555.854850195,38432052.94146254,2,63.0,816
160.08727507322234,49807828.03140992,38287325.11802226,3,62.0,817
220.38060164728182,53932548.357132986,42412045.44374533,1,16.0,818
162.2787562242374,49957749.214410625,38437246.30102297,3,63.0,819
148.50279505490468,49015323.405947015,37494820.49255936,3,71.0,820
243.42059780199233,55508735.073704086,43988232.16031643,0,0.0,821
169.95640581114222,50482984.08042829,38962481.16704063,3,54.0,822
225.71345336176591,54297373.50629407,42776870.592906415,1,28.0,823
177.48081218617028,50997735.441442624,39477232.52805497,3,53.0,824
194.36947233375992,52153103.767312415,40632600.85392476,3,45.0,825
231.52810948523114,54695159.32542759,43174656.412039936,1,11.0,826
243.42059780199233,55508735.073704086,43988232.16031643,0,0.0,827
144.6257051746309,48750088.22416986,37229585.3107822,3,77.0,828
243.42059780199233,55508735.073704086,43988232.16031643,0,0.0,829
151.48350963168068,49219236.752557695,37698733.83917004,4,70.0,830
232.78824386890014,54781366.24418299,43260863.33079533,1,8.0,831
184.73915996803171,51494285.496451385,39973782.58306373,3,47.0,832
224.47167055236827,54212422.035126455,42691919.1217388,1,21.0,833
225.89687126825916,54309921.28910857,42789418.37572091,1,15.0,834
146.43419418676947,48873808.572856404,37353305.65946875,3,86.0,835
228.24304542465538,54470425.15878122,42949922.24539357,1,24.0,836
197.5617917192885,52371493.187898055,40850990.2745104,2,40.0,837
239.6262097076581,55249157.59497337,43728654.681585714,1,6.0,838
141.93162179677992,48565783.573900394,37045280.66051274,3,69.0,839
208.86544751944265,53144786.377760515,41624283.46437286,1,26.0,840
191.98344572551395,51989873.55581199,40469370.64242433,2,56.0,841
207.77195915797878,53069979.86223459,41549476.948846936,1,32.0,842
229.50784145610015,54556950.985024795,43036448.07163714,1,22.0,843
204.98822190289374,52879541.910143524,41359038.99675587,2,48.0,844
180.9121344687815,51232475.263698205,39711972.35031055,3,49.0,845
171.55342984946364,50592237.92137272,39071735.00798506,2,54.0,846
243.42059780199233,55508735.073704086,43988232.16031643,0,0.0,847
223.49063152301915,54145308.27885173,42624805.36546408,1,13.0,848
227.41241771379933,54413601.17515397,42893098.261766315,1,13.0,849
210.70964160569036,53270949.342459105,41750446.42907145,1,28.0,850
178.6892082060662,51080402.89251891,39559899.97913125,3,47.0,851
235.11135259266652,54940292.187007084,43419789.27361943,1,6.0,852
169.6076898572883,50459128.110547476,38938625.19715982,2,56.0,853
204.86839942777934,52871344.74759395,41350841.83420629,1,33.0,854
243.42059780199233,55508735.073704086,43988232.16031643,0,0.0,855
229.57185578644933,54561330.26254243,43040827.34915477,1,10.0,856
230.05235831048725,54594201.86940302,43073698.95601536,1,12.0,857
222.85743000457086,54101990.39739077,42581487.48400311,2,14.0,858
128.98718313456592,47680242.962875605,36159740.04948795,3,95.0,859
210.3061146131576,53243343.70046434,41722840.78707668,2,31.0,860
164.3684413360858,50100706.43944638,38580203.526058726,3,64.0,861
237.8504980138652,55127679.571911976,43607176.65852432,1,5.0,862
213.75069248498744,53478990.34941843,41958487.436030775,2,40.0,863
243.42059780199233,55508735.073704086,43988232.16031643,0,0.0,864
174.37924209233256,50785554.26096002,39265051.347572364,3,65.0,865
173.95201460871925,50756327.247200824,39235824.33381317,3,54.0,866
218.3241118215876,53791862.0512735,42271359.137885846,2,23.0,867
201.47178835626224,52638979.55029381,41118476.636906154,2,35.0,868
208.56918585020125,53124518.852342896,41604015.93895524,2,47.0,869
205.70871027813223,52928831.163443275,41408328.25005562,1,26.0,870
190.85289611587064,51912531.64719453,40392028.73380687,2,38.0,871
213.27669873510496,53446564.013611525,41926061.10022387,1,20.0,872
209.99999907322962,53222402.06295144,41701899.14956378,1,30.0,873
243.42059780199233,55508735.073704086,43988232.16031643,0,0.0,874
221.66373961514995,54020328.97163054,42499826.05824289,1,15.0,875
210.90293196392398,53284172.50851536,41763669.5951277,2,22.0,876
214.64821473609132,53540390.64829512,42019887.73490746,2,25.0,877
202.02759091489418,52677002.49977997,41156499.58639231,1,27.0,878
225.92512504100236,54311854.15493857,42791351.241550915,2,16.0,879
152.20078718456529,49268306.350632265,37747803.43724461,3,67.0,880
180.35004678692002,51194022.34331796,39673519.42993031,2,48.0,881
148.14673792298254,48990965.21951731,37470462.30612966,3,72.0,882
234.78059924397587,54917665.05498992,43397162.14160226,1,6.0,883
198.64825705342633,52445819.25185154,40925316.33846388,2,38.0,884
243.42059780199233,55508735.073704086,43988232.16031643,0,0.0,885
217.27604262881238,53720162.701646574,42199659.78825892,2,24.0,886
236.2205990036453,55016176.72477561,43495673.811387956,1,5.0,887
152.96020999444303,49320259.14338244,37799756.22999478,3,73.0,888
202.3960426119544,52702208.60948176,41181705.6960941,2,36.0,889
196.53414812992057,52301191.172044635,40780688.25865698,2,33.0,890
198.2047492016613,52415478.48356525,40894975.57017759,1,30.0,891
178.29551241349253,51053469.81169468,39532966.898307025,2,44.0,892
243.42059780199233,55508735.073704086,43988232.16031643,0,0.0,893
235.75522615623342,54984340.15260703,43463837.239219375,1,5.0,894
132.1223959916398,47894725.67484135,36374222.761453696,6,91.0,895
139.33749177021016,48388316.821671724,36867813.90828407,4,88.0,896
225.89687126825916,54309921.28910857,42789418.37572091,1,15.0,897
180.09293730661125,51176433.25411647,39655930.34072881,2,52.0,898
203.10623104736806,52750793.23469805,41230290.32131039,2,34.0,899
144.25868122753369,48724979.78811832,37204476.87473066,4,67.0,900
218.85935874837898,53828478.77162489,42307975.85823724,2,18.0,901
201.09542873681497,52613232.45255806,41092729.53917041,2,32.0,902
210.18361696468915,53234963.526916094,41714460.61352844,1,24.0,903
243.42059780199233,55508735.073704086,43988232.16031643,0,0.0,904
142.54642306656572,48607842.67791501,37087339.76452735,5,81.0,905
218.7926284355416,53823913.691319294,42303410.77793164,1,20.0,906
202.8690766960804,52734569.29369708,41214066.380309425,3,31.0,907
177.16974941054767,50976455.35911692,39455952.44572926,3,55.0,908
207.19011114110748,53030175.119686134,41509672.20629848,2,35.0,909
218.88738065476588,53830395.77527036,42309892.8618827,1,21.0,910
161.05778726327532,49874221.63720568,38353718.72381803,2,57.0,911
141.76643312578528,48554482.869368955,37033979.9559813,3,87.0,912
231.9005997246371,54720641.71541854,43200138.802030884,1,8.0,913
235.4463323521732,54963208.45156326,43442705.538175605,1,6.0,914
167.74514774008196,50331709.94066229,38811207.02727463,2,51.0,915
185.97652376126769,51578934.65877626,40058431.745388605,2,66.0,916
179.40822752545796,51129591.646396,39609088.73300835,3,52.0,917
228.18698158489505,54466589.78142626,42946086.8680386,1,11.0,918
204.50332398313694,52846369.61033577,41325866.69694811,2,33.0,919
214.54604199304137,53533400.919681035,42012898.00629338,1,32.0,920
182.0347940674514,51309277.40961752,39788774.496229865,3,60.0,921
229.4016165750058,54549684.04602767,43029181.13264001,1,12.0,922
221.25542537218664,53992395.82955778,42471892.91617012,1,18.0,923
215.8111847758413,53619950.46749454,42099447.55410688,2,27.0,924
146.2508215583667,48861263.88755653,37340760.974168874,3,79.0,925
211.1704546837509,53302473.97673353,41781971.06334587,2,33.0,926
200.4945165857424,52572123.51556056,41051620.6021729,1,28.0,927
157.55704067834304,49634732.43641762,38114229.52302996,2,60.0,928
214.4560789037313,53527246.46438512,42006743.550997466,1,26.0,929
220.76059930378636,53958544.33623336,42438041.42284571,2,20.0,930
233.3944181833635,54822835.17047829,43302332.257090636,1,9.0,931
215.38263534801925,53590633.01835125,42070130.10496359,1,24.0,932
185.01560314419123,51513197.221055135,39992694.30766748,2,44.0,933
212.6356360939289,53402708.3457231,41882205.432335444,1,25.0,934
196.13800762271214,52274090.8461086,40753587.932720944,3,51.0,935
192.4174546138452,52019564.49152517,40499061.57813752,2,45.0,936
196.6975542483169,52312369.930560626,40791867.01717297,1,31.0,937
243.42059780199233,55508735.073704086,43988232.16031643,0,0.0,938
222.31986845517116,54065215.33163929,42544712.41825163,1,14.0,939
164.27433191160344,50094268.32965776,38573765.41627011,4,64.0,940
205.8118701983276,52935888.425727636,41415385.51233998,2,45.0,941
233.34059948430647,54819153.385204226,43298650.47181657,1,7.0,942
155.62900277159702,49502833.641068324,37982330.72768067,2,62.0,943
243.42059780199233,55508735.073704086,43988232.16031643,0,0.0,944
110.13649883795107,46390650.812465236,34870147.89907758,3,92.0,945
131.2918730819684,47837908.86075676,36317405.947369106,4,85.0,946
214.33823956935206,53519184.97026459,41998682.056876935,1,21.0,947
197.34381364500268,52356581.113135286,40836078.19974763,2,37.0,948
208.94547716140457,53150261.27705066,41629758.363663,2,36.0,949
233.30222955043436,54816528.46375551,43296025.550367855,1,16.0,950
222.3921259615125,54070158.53218946,42549655.6188018,1,18.0,951
243.42059780199233,55508735.073704086,43988232.16031643,0,0.0,952
185.88808010257216,51572884.149085864,40052381.23569821,2,45.0,953
243.42059780199233,55508735.073704086,43988232.16031643,0,0.0,954
208.82426815323248,53141969.26053612,41621466.34714846,1,32.0,955
243.42059780199233,55508735.073704086,43988232.16031643,0,0.0,956
193.54040157349954,52096386.296066105,40575883.38267845,2,34.0,957
215.57009886135674,53603457.56474354,42082954.651355885,1,25.0,958
159.70220527004062,49781485.06222485,38260982.148837194,2,59.0,959
163.90596716013522,50069068.16798159,38548565.25459393,3,76.0,960
207.51915735419772,53052685.46503204,41532182.551644385,3,31.0,961
216.63464638208586,53676284.21150446,42155781.2981168,3,28.0,962
201.28868771254162,52626453.47170898,41105950.55832133,2,42.0,963
243.42059780199233,55508735.073704086,43988232.16031643,0,0.0,964
231.52810948523114,54695159.32542759,43174656.412039936,1,11.0,965
192.05843687586344,51995003.76739048,40474500.854002826,2,39.0,966
243.42059780199233,55508735.073704086,43988232.16031643,0,0.0,967
219.63562116846995,53881583.57715111,42361080.663763456,1,22.0,968
172.9977540818303,50691045.43219831,39170542.51881065,2,54.0,969
238.99381169193572,55205894.68185158,43685391.768463925,1,7.0,970
171.02486774550317,50556078.51572216,39035575.60233451,3,64.0,971
181.77932401274012,51291800.47498552,39771297.56159786,2,46.0,972
243.42059780199233,55508735.073704086,43988232.16031643,0,0.0,973
243.42059780199233,55508735.073704086,43988232.16031643,0,0.0,974
216.15088766883986,53643189.845831655,42122686.932444,2,36.0,975
233.33423671560897,54818718.10251433,43298215.18912667,2,10.0,976
196.24584440978728,52281468.05703365,40760965.143645994,2,36.0,977
177.83991548607037,51022302.01894458,39501799.10555692,2,48.0,978
230.95672998800364,54656070.74365859,43135567.83027093,1,9.0,979
216.8397129692618,53690312.99990133,42169810.086513676,1,20.0,980
171.39257584582916,50581233.755307175,39060730.84191952,3,51.0,981
191.10548714287177,51929811.624969296,40409308.71158164,3,41.0,982
233.3944181833635,54822835.17047829,43302332.257090636,1,9.0,983
168.2731863291555,50367833.53219182,38847330.618804164,3,54.0,984
174.31505291007804,50781163.02166736,39260660.108279705,2,64.0,985
200.8911820696235,52599259.75561969,41078756.84223203,1,32.0,986
193.5381384127963,52096231.47122091,40575728.557833254,2,39.0,987
195.49439003673473,52230060.3921642,40709557.478776544,2,38.0,988
226.34585137748826,54340636.41941586,42820133.506028205,1,27.0,989
211.74060308926536,53341478.33841882,41820975.42503116,1,22.0,990
191.36484461122174,51947554.50104061,40427051.58765295,3,38.0,991
216.4786262772601,53665610.736774124,42145107.82338647,2,19.0,992
115.49458434538376,46757202.2279411,35236699.31455345,4,108.0,993
209.54139317010817,53191028.42348608,41670525.51009842,1,29.0,994
243.42059780199233,55508735.073704086,43988232.16031643,0,0.0,995
237.26360546037964,55087529.728107885,43567026.81472023,1,5.0,996
217.10798797246065,53708665.93249693,42188163.01910927,1,19.0,997
243.42059780199233,55508735.073704086,43988232.16031643,0,0.0,998
233.30222955043436,54816528.46375551,43296025.550367855,1,16.0,999
