Player_ID,Name,Team,Position,Age,Experience,Salary,PER,WS,VORP,PPG,RPG,APG,SPG,BPG,TS_pct,USG_pct,Games_Played,Games_Started,Minutes_Per_Game,Injury_Count,Days_Injured,All_Star_Appearances,Social_Media_Followers_K,Jersey_Sales_Rank,Draft_Pick,Rookie_of_Year_Votes,Most_Improved_Votes
P001,Player 1,Washington Mystics,SG,28,12,194341.4270169826,27.939463067330298,1.7816569054254936,-0.2957148981010007,5.34516156894298,1.8915083749841273,4.697365126151856,1.3754624765652246,1.2295050368537288,55.54082927823303,23.453244371626464,28,0,24.970207409587285,2,37,7,439.3239515611437,39,4,21,6
P002,Player 2,Connecticut Sun,PF,28,3,231620.80202905793,19.997770700847294,5.514824149433233,-0.11806506746888346,4.653031198187793,3.422015221447925,0.5732813556438774,1.7671013666014297,1.0438570318324218,53.52166767780743,25.70018766677684,28,7,11.61228178122919,3,10,1,1358.848268616988,81,25,66,42
P003,Player 3,Minnesota Lynx,C,27,13,210260.65657058288,23.84177347324919,7.470319918456894,1.4918388636973985,19.020152636479274,8.515846400255555,2.948459811829939,0.6072327604638884,1.976792488408286,47.61420753480399,14.881289429182313,34,36,31.93098642905501,3,32,5,1219.426723282918,84,21,5,23
P004,Player 4,Phoenix Mercury,SF,23,14,220522.1395577273,27.005783137883704,4.675721697604473,1.0946272475227397,13.900808956536366,1.837439454393302,4.382837325385336,0.3659418977198915,0.35923552985779295,62.732084304809334,20.308034539556218,30,31,31.93154407065449,0,23,1,597.6499403679472,88,,78,3
P005,Player 5,Dallas Wings,PG,21,2,142305.18588569597,25.293653032193404,4.787095171024249,3.5742295053405,18.144852721410192,10.363276054536456,1.15899874358625,0.97744587150062,1.4207746526904281,53.995692976426454,12.167969156887679,21,36,18.260200096894344,2,22,3,281.8357982658335,86,1,26,27
P006,Player 6,Washington Mystics,PF,21,6,126615.93156695842,14.452265831377558,2.5998432024521314,0.8119694955831656,12.566201449282417,6.446611797153718,3.1297019840688556,1.8502976780206228,0.868205659398155,48.8924502364153,16.440219561389213,34,3,18.510146083739116,1,14,5,1306.7631233497805,93,25,9,14
P007,Player 7,Atlanta Dream,C,32,7,212592.21274612873,18.109794435581684,6.271196998939526,1.9029417513902174,8.420844731260349,6.2864523505931285,0.7490233159352493,0.7440775946704864,0.913579268358668,52.355187017545795,25.076310872034085,38,29,34.725708958754346,2,26,3,1479.8089416833382,86,36,72,0
P008,Player 8,Seattle Storm,PF,31,3,221025.2108900896,12.32486947272691,1.9028281141814252,2.1613214395976517,21.020250988832395,7.516485631254693,1.0893387286626557,1.7815513533148182,1.4634357547505348,53.28259505057854,29.852579124288543,18,5,25.654404289828456,0,10,4,638.0984140890665,44,17,96,2
P009,Player 9,Washington Mystics,C,23,12,248575.77130010098,27.172918490657004,2.9275942730318274,-0.9345277170583318,20.587149337317545,10.07149062517664,3.4769245715119705,2.433806501435995,1.4156286875163024,61.550757911337485,13.785205792569887,10,18,23.282913014201476,3,49,7,1293.2168820044044,137,24,95,13
P010,Player 10,Minnesota Lynx,C,26,1,161892.65153671397,20.91114342011584,3.690773289623126,2.317686860083553,18.28332235879739,4.825901286924124,1.4953681553229528,0.5065815747367205,1.9833863880341578,59.67228761122804,19.22689768550319,27,31,30.95380458879811,3,16,6,796.3105061468915,74,2,47,37
P011,Player 11,Minnesota Lynx,SF,27,11,155802.71286891747,14.11557049906233,4.307077840133413,-0.10982016565124286,8.98719301905918,8.4581776781497,4.756556361961686,1.779724660095278,0.34394914996283793,60.386097872826795,26.40127743658487,30,8,17.13225845893291,0,13,5,1429.2816977324092,36,15,69,49
P012,Player 12,Phoenix Mercury,C,26,9,216461.94411129953,22.09061231930542,2.318072993113102,3.8053515873472756,15.985074671119916,7.223051603953702,5.670987268529493,1.2762504824700567,0.297808333829916,45.22062528857295,15.67264142332018,13,11,20.72956483490892,1,26,5,406.4383970391657,101,32,58,0
P013,Player 13,Dallas Wings,PF,34,13,151120.5310379527,21.126308328242125,1.3612761855440265,-0.2566863612344352,10.941425732680589,3.9373109718636345,6.504400243318122,2.209912959630512,1.4762437525446082,53.323079963595234,21.99152908744115,19,10,16.694416887208355,3,17,6,1781.527855245987,104,6,99,37
P014,Player 14,Connecticut Sun,C,34,2,239613.59884053472,16.446928924591127,5.079650318312244,1.0731206186351185,5.014805613185951,10.664929849906738,2.0011268318360758,0.6897295367842491,1.1989351423121772,54.62688303270647,25.195283328534146,34,15,29.729021164718286,4,27,3,581.9450969665037,66,1,58,37
P015,Player 15,Phoenix Mercury,SF,26,0,228761.9127764518,12.044036659593322,2.6647291493019183,-0.5732516596067807,23.18089866016934,9.771686237676208,1.756119366943023,1.823777094897562,0.6209052664636311,45.38384553646113,23.087738104683222,16,0,24.33373364088045,3,46,4,741.8941156347443,55,23,1,20
P016,Player 16,Phoenix Mercury,SF,26,7,164349.10410625275,22.088317520670394,4.859286660669592,3.9843712592297367,6.010009880217151,8.24297018124268,1.284258802508002,2.1438536372258428,0.2508968010790745,50.19626417490068,15.38444522307749,31,20,26.47062675350176,4,46,2,125.60298463989608,91,17,28,47
P017,Player 17,Seattle Storm,PF,33,14,212630.6601687246,19.36553861626828,1.6577203645565173,1.5109750516562128,23.90522178405765,10.356399020036662,5.273226871577275,2.3781512828428513,0.262750674233218,60.2057964624427,18.396922236343308,32,29,16.307681245985165,0,3,6,231.90930251934003,22,34,67,28
P018,Player 18,Chicago Sky,SG,23,2,213181.43111270235,23.90173105124151,4.108550763911131,1.976925086600219,12.812127005075027,10.540236210557826,5.798567948651758,1.803145662237221,1.7989626618618249,47.74219411457998,26.10825212073715,10,12,15.505632534432877,0,6,7,1036.565186397533,101,29,64,4
P019,Player 19,Dallas Wings,SG,26,11,115468.58032538989,19.36294302001588,4.494420744136894,-0.6646176130578626,7.072924434449632,8.791992743865382,0.7368960861923153,1.3937844808185402,0.4645479169656115,55.70620262905183,21.9760772543763,26,33,22.209365724573466,3,44,1,542.5094266886632,121,9,82,48
P020,Player 20,New York Liberty,C,28,9,235382.936001935,25.339267005733724,0.8886765261682018,2.749802351995889,14.921820842323879,10.207146612000393,7.521591846827674,1.6592639284426707,0.7144059680194894,49.30403744034475,12.094133043772429,33,3,28.43914372732067,2,34,3,1672.6056492269668,93,13,25,9
P021,Player 21,Phoenix Mercury,PG,31,6,175787.8558671786,19.93432309794074,3.0245320864544043,0.049527965477928815,22.20480838928098,8.67218607836212,0.889784627386043,2.2115909658531803,0.5306471642312772,45.24241549287787,25.69783368050569,38,27,23.130993938004003,4,47,6,39.239843423358145,108,6,88,27
P022,Player 22,Indiana Fever,C,31,9,223968.61991616123,20.09688348763695,1.5081100770423068,3.4902714472035683,19.108947501010345,8.481548489363306,4.559722514758029,1.5553414426054255,0.7744929810806809,49.82402915199083,12.635604388924303,38,37,10.816141938641715,1,8,6,764.397156857153,141,6,9,20
P023,Player 23,Chicago Sky,PF,22,4,148007.44015459175,25.77976484785021,0.9753122785457581,0.025698202410035842,20.744345252951895,7.804725160367028,5.817953895881873,0.3668515313330411,0.2319053012175774,64.51747509820107,25.42320808916218,11,30,31.71378765800722,3,7,5,681.3176380704945,10,20,52,49
P024,Player 24,New York Liberty,PF,25,9,234328.48427443008,17.26269159182315,7.924701742924589,-0.046561396681667144,17.493234067635782,9.279883035134054,7.032268428095642,2.348087130115351,1.0862136027257137,61.030742237659794,15.644650082974273,37,26,11.617172337878289,1,44,1,48.46198552602606,9,3,78,6
P025,Player 25,Indiana Fever,PF,34,4,158380.25181012446,12.412274112111533,2.9176538373104224,-0.8172516607595256,18.230084419392753,2.744656158223811,5.855651990993208,1.8169588522694347,0.2284638708252083,64.19153288642067,29.245322642148842,35,4,33.895612093018805,3,16,1,257.49311401101534,34,17,58,2
P026,Player 26,Dallas Wings,PF,21,13,101625.64772204476,10.518088173640102,6.574058343909761,1.360334725549996,21.682304334437024,10.689578351188214,6.512960623023439,1.7883294487099426,1.620677364862487,54.75708087852725,18.62293352343752,20,24,10.628548956931818,2,16,7,833.1489230880842,129,12,21,44
P027,Player 27,Las Vegas Aces,PF,32,6,235807.29646288956,23.59247060212514,2.409804910728229,1.8242056663130821,8.492696194902091,10.590278805197553,3.0458764440710455,0.7744853352749779,0.5440529556298227,47.19472397355007,17.884769094085424,18,2,27.36126140326772,2,48,1,990.8005230504187,89,1,50,46
P028,Player 28,Indiana Fever,SF,35,14,113693.00151792003,21.165571924362364,5.61127041667947,-0.6714568028582382,13.767349200149091,1.3217201133801506,6.611188353098842,1.749548034511846,1.1260226377485703,55.95918977947386,14.679984905984004,16,32,12.055176592794542,2,32,6,814.5365970371895,93,17,47,19
P029,Player 29,Atlanta Dream,SG,21,8,147897.04563856224,22.673435825786022,6.201708949172649,2.877638083475053,7.866607720031249,10.08398425621239,1.1008613478850635,1.1665016924391487,1.7721502663667708,54.08754669119922,17.50087587882387,31,3,32.76691448587849,2,31,2,1066.5659800400667,71,3,20,18
P030,Player 30,Chicago Sky,PF,25,11,242509.29505762074,13.833354907160393,4.967290554558832,1.2664441737401382,24.728696175926235,2.4175685422078974,7.211124920453957,1.7327125494912827,1.3366670011896689,61.887141654792316,27.779713712907608,26,24,21.61083090563857,0,7,0,1194.3120330623062,67,26,21,34
P031,Player 31,Indiana Fever,PG,32,4,242591.07204063341,12.454686560561855,4.036821414126187,1.6219513466379003,23.76930547310549,4.686307396850561,4.606942821153022,0.5345046666775796,1.1126197944475371,46.96165161568489,29.934018077290453,26,19,13.438094370425384,0,18,3,29.748404044392906,148,15,99,3
P032,Player 32,Los Angeles Sparks,PG,33,0,186015.68321849292,10.261803982021874,3.588806856104514,1.2038137346911406,3.8673898501071298,9.178590819207685,6.629733274718703,1.7472596701266794,0.7162341309192136,54.76482274043556,18.62957154912327,11,33,18.520392494746165,4,37,0,933.5493673124727,117,36,97,4
P033,Player 33,Las Vegas Aces,PG,23,9,194775.5818254699,16.310576058518745,3.116511999072465,1.00381530437663,18.522653795345146,2.7683588565313904,3.892387133887251,2.4987101966954666,0.732703634810576,48.00097329387968,20.074991357181766,15,25,14.12061688366905,1,2,6,1927.3634893663007,94,32,29,0
P034,Player 34,Minnesota Lynx,PG,24,9,167266.82829674796,20.618518363383394,7.4714685818586934,1.7982016565410897,23.355462983144648,9.997637265309685,5.326832713973937,0.4060664854932233,1.3720252148765613,51.4935185378012,24.997276887649267,23,4,14.26454778892725,3,4,0,1042.8742374578019,99,32,24,3
P035,Player 35,Minnesota Lynx,SF,23,0,143981.6157547097,17.060392811795182,6.729645558407968,-0.22379877034643747,6.972657592801338,10.15347595753516,4.448019957020849,2.449783205286898,1.9888647863202182,59.747141547755994,27.95152404837134,15,34,33.70270800428605,3,12,6,1358.3091122433168,113,4,27,11
P036,Player 36,Atlanta Dream,PG,21,14,149299.6818054874,17.874548596427125,7.737701829998844,-0.09035934752364438,15.494795072157848,6.582145071369198,5.986921413164989,1.1951975135903155,1.3574944607138193,54.52036258737533,22.674798015362114,11,27,21.131152807119705,0,46,0,630.6090772545975,103,18,64,26
P037,Player 37,Indiana Fever,PF,21,1,200877.76841155576,26.27485650088747,1.4322291761415855,3.3089281050675865,23.14074254693692,1.0702445888851693,1.1122248652294218,2.21565759074197,1.1597884930030473,52.51776570291538,19.047462567200927,10,28,29.720056597633988,3,45,1,1550.2428425239975,91,19,44,41
P038,Player 38,Indiana Fever,C,32,13,212856.179415652,16.268598406419407,5.981506064027332,3.7305773106681634,3.7468115288875747,4.157419464924041,0.9526406299292285,2.021248064928202,1.4882359694545677,52.8895255714007,19.42719313527523,19,8,25.990139029442048,0,30,4,1548.113748933469,90,35,67,22
P039,Player 39,Seattle Storm,PG,32,5,218736.85655887728,19.251810804876595,7.537553426157784,0.8665465813987647,18.343245879430476,7.7861961021331645,2.3532742550760983,1.5474357741706692,0.9838906633390644,54.18893536811973,24.521126636942526,30,37,26.910659058459807,4,15,1,1047.3791348317366,17,14,6,24
P040,Player 40,Indiana Fever,SF,34,8,218442.72141918307,24.105754229340576,1.859247996242451,0.35372336571776897,9.541678162196117,11.793047958301658,1.6965851008489126,1.9245882603529185,0.2142704509414919,60.700330876741134,12.057928744877016,14,5,13.292335961800962,1,49,1,1952.2675083256352,18,33,48,20
P041,Player 41,Washington Mystics,SF,33,7,113680.91545730355,17.13777008178286,0.9987220052508312,2.2199977161950786,23.33671629828367,7.949948797183352,7.038376749441513,2.2327342348629653,1.1683639501680287,62.84169377880469,23.152608074277133,11,18,15.854611170387141,4,31,7,259.8449273776802,116,14,8,23
P042,Player 42,Connecticut Sun,PG,34,12,174163.04570538722,21.197560604101724,6.058404869675443,1.043670855490482,24.36328139363809,3.857839391705758,2.1441049051853325,1.1891087076322726,1.9194880405602224,64.10669373007856,18.398874187944433,31,10,29.66875837886092,2,21,5,43.725853130266174,93,34,35,24
P043,Player 43,Los Angeles Sparks,C,25,4,108633.81400249664,25.52254675744141,4.808548348849339,-0.8730682216982757,23.773862760495547,7.974062734095725,7.8189894186434845,1.019472955439125,0.43307559047955335,60.7380677251059,26.295551962987517,25,1,34.26915516186958,2,28,5,1542.614841396621,91,4,82,44
P044,Player 44,Seattle Storm,PG,26,0,182429.33234856033,27.09137122583756,6.813715825687041,-0.2192370131690482,13.432712766464203,6.93983917687441,3.0267184382833014,1.7687054482398865,1.411009292559265,51.308137914960255,13.673831516816378,34,8,16.566891064966292,2,21,0,1616.2395193561163,82,24,0,45
P045,Player 45,Dallas Wings,SF,23,12,166229.57520600656,12.647322656722682,1.5482928246971712,2.579861144236988,21.964938321764894,9.578299346662579,1.8658843676652446,2.077261072270769,0.4817740084522073,58.762694121730846,22.58764080507103,11,20,16.789219118775996,4,42,6,249.21238594994674,68,29,9,31
P046,Player 46,Seattle Storm,SG,32,6,233155.62741374495,26.678577252906898,6.464504838949177,2.294619709550757,21.580086767771547,2.1767870270965424,6.422738803568594,1.977027296508555,1.1180726004988544,53.75206248110784,20.657512017950225,19,23,21.82242832027262,3,2,7,538.5098375876261,114,19,35,31
P047,Player 47,Washington Mystics,PF,29,14,152637.2518828118,18.85809327543169,2.0122049003580837,-0.8645200374825825,10.020210411351623,9.371306927522308,5.440308316256571,2.055190027488996,0.28368525432876723,50.09341244092102,23.561859466294095,11,33,34.596007821385946,1,9,1,44.92920309959153,1,6,72,4
P048,Player 48,Dallas Wings,SF,25,4,117560.05246414088,14.64839898938125,1.7274195714927838,0.1098608096647471,21.2361404313149,6.953932365437213,4.236467873398542,1.2582832925884526,0.9557047788905517,61.81743158851845,13.16736470069343,25,21,16.723973645661776,2,41,7,593.6841354533237,58,33,45,35
P049,Player 49,Los Angeles Sparks,PG,28,5,121448.75230792537,18.2644436122887,1.7319934844824472,0.1553739829403571,3.8141679637408377,11.59291204244894,4.665226632032234,2.0992352755850474,1.5367103249009675,45.7685269792465,22.439708173706364,25,2,20.174297740856595,2,20,0,1548.5523290981564,109,19,31,45
P050,Player 50,Washington Mystics,PF,33,12,214226.59475762083,27.640586355138588,6.609310401735366,2.359463717993642,16.117937326605166,4.760593826425547,5.8940133370419785,0.5644599218153386,0.7603858960540659,63.03523984270847,22.106722583271427,28,11,32.287000390587664,2,15,5,1040.741450148032,148,1,31,41
P051,Player 51,New York Liberty,PG,21,6,192732.70949743915,18.867125691871653,5.488979155221501,-0.9014473112281792,8.060194420329466,7.958840824473429,2.2134105599847405,1.497876015513869,1.3633322765257143,54.22954929249468,22.091881699491076,38,27,10.07302581553405,1,11,4,702.7102304048933,116,5,5,48
P052,Player 52,Connecticut Sun,PG,34,2,115168.40141841854,15.917528985175148,4.422990685768395,-0.4794570900771308,5.652471487100134,11.252309160610192,7.972504370425565,0.31266905309586746,1.6113549255004855,57.74402953616561,22.862777998736185,16,29,10.994149124714239,2,1,3,749.7611968635973,87,27,47,41
P053,Player 53,Los Angeles Sparks,SG,25,11,112616.02091724961,21.401215377701064,3.1912286309262687,2.999580426865947,4.692970435842602,2.127607007897472,7.8109487161008735,1.0140888257805947,1.86163785701096,58.187078444115656,24.176422870074518,31,25,25.10179192678048,1,40,0,12.693715173781627,10,16,37,38
P054,Player 54,Indiana Fever,PF,35,9,205145.369718868,14.322621138007475,7.079004056098312,-0.10727668972833193,18.318353069319073,11.309513359600963,5.3774426476020265,1.1062153767170755,0.5458199555253617,62.90235481413073,26.489801994253856,21,20,32.68450411782118,2,23,7,606.6030498548195,59,6,16,15
P055,Player 55,New York Liberty,PF,23,2,110914.45095462902,11.36553990595595,3.4433383056697653,2.2637305392593734,10.477249202897454,8.566742945308947,1.9965683819685884,1.171579921540362,0.8587002400376854,57.733393643344144,16.856772962307858,33,27,15.971416510048192,4,34,4,1296.4528958594817,41,13,73,32
P056,Player 56,Atlanta Dream,SG,32,4,223279.00889355343,12.319834994391686,6.624495796036828,0.1909139052336326,18.94486897363275,1.746207650156891,5.601711818234685,1.830027854717697,0.3895904253277931,57.27867169520124,26.850889383241118,24,25,21.741044367017725,4,29,3,1948.6469431945507,105,35,26,48
P057,Player 57,Los Angeles Sparks,SF,21,5,205936.33407347443,12.304825101239903,3.793511814276638,-0.5027930362032742,4.437839497576732,4.310599236414979,1.0414880673438187,1.1548278227947606,1.9857186541009129,46.3330408112138,20.968602280742164,17,32,21.261632541445458,1,29,2,1695.65104569796,133,19,53,20
P058,Player 58,Atlanta Dream,PG,24,8,112202.31709628497,12.734248483221299,3.3270832206868066,0.21586095499727032,9.936387432273428,8.789892975098098,0.7298937665435454,1.2871259697695676,1.861301839056161,55.368160438904084,13.38704902441796,15,20,21.824283652387756,4,46,0,56.95397964460296,122,12,49,8
P059,Player 59,Dallas Wings,C,35,12,112725.65711277879,12.498889107689383,3.9700983925220483,2.6113346592782958,14.868808432257419,1.7408566161564887,2.4326216638341025,0.8225970879235205,1.1259185475330633,48.003380016340834,13.053916726391625,37,34,25.56299239324363,1,34,0,1798.1356033029303,145,16,34,5
P060,Player 60,New York Liberty,PG,33,13,247995.93677517632,21.535745406457863,2.7603340562310654,3.278482340531429,20.395909626457197,7.403875061939006,3.969672175544872,1.1211539415845482,1.6998632593152003,59.74867537442971,18.016289736529096,36,33,21.743594074767095,4,18,2,1568.5648424642657,22,10,84,44
P061,Player 61,Connecticut Sun,PG,25,11,156140.61936341805,13.273841519184607,6.107070351321884,3.151099322834958,10.012555064505538,4.804713626482524,7.012043790562854,0.7999931799789333,1.0898201568168802,55.24443841625349,26.128145588006415,19,17,21.186703533061447,4,49,2,1562.948485906251,98,25,24,34
P062,Player 62,Indiana Fever,SF,27,4,155596.32206003362,16.222011099829537,4.270402925693594,0.9859176480922742,16.7696102816142,7.830070695442248,5.95376802324731,0.461031032290576,1.2848128072052434,58.604555584167066,24.738256825336485,12,10,21.857210510781513,1,7,0,921.4115604171072,68,20,27,38
P063,Player 63,Indiana Fever,PG,21,14,221919.93508862538,26.142191378308212,2.24159521360113,2.3404256828532306,22.491510461196118,1.5031623719376412,6.070298908999858,1.6275869054390315,0.26933642102043154,45.833458012047686,26.19506936410332,28,22,24.77168603177604,3,25,2,802.0305329794606,139,31,14,21
P064,Player 64,Washington Mystics,SG,23,0,242087.2866075788,18.531309524731704,7.2468092995592635,0.02492147707910486,16.5489901400107,10.58690486767614,3.691200008360565,1.770068156821036,1.535013798943935,46.69584032091606,21.31084301594897,26,21,23.42518720878396,4,48,1,612.8023003780534,56,4,3,40
P065,Player 65,Indiana Fever,SG,22,13,247900.15957343063,22.01603929337849,3.3791841602990855,0.4657386513050663,8.125108444579944,11.708378660951366,3.094512444102222,1.662878761221152,0.3426556189069462,59.326467761253646,19.923581963198828,16,16,31.35339994126261,2,39,3,140.7327693191879,149,23,92,4
P066,Player 66,Phoenix Mercury,PF,29,13,213006.72778884124,13.101757681629337,4.576646458354914,3.4816790926055985,3.5368171942438362,11.657656408142607,3.28279072238452,1.3196868963612594,1.669528497479804,46.44168671997347,14.654145480713112,30,4,11.237421337341665,3,6,3,464.1883733524612,99,2,72,41
P067,Player 67,Seattle Storm,C,30,13,156438.93782963738,13.461202338556074,7.298540832234102,-0.9349903824463198,22.14217522582046,9.246170149172173,7.907371728020434,1.1355287163943057,1.5858533665737333,46.42513455530517,17.907469564967606,29,10,30.83292678682531,1,29,3,500.741233606269,76,22,26,22
P068,Player 68,Las Vegas Aces,PG,35,3,112525.10750480031,10.73563509279662,5.181784969354941,-0.5724573457276596,3.467927038708517,2.4309486414369514,0.8008189355936186,2.1993340290580154,1.4466149257116552,45.24216950469775,19.812348591129755,35,29,31.0981153152931,3,6,1,973.3133687233012,26,,25,16
P069,Player 69,Connecticut Sun,PG,26,4,216572.03738911552,13.040831135298962,1.3767353053127305,0.039431275730136495,22.243436799052386,9.340895155219249,7.002736220918364,1.4419799272996798,0.16870472299704803,64.1300279659896,13.594807734233111,13,14,17.12270053827402,0,2,6,1497.414369127421,115,8,18,11
P070,Player 70,New York Liberty,SF,30,11,183760.63746037075,15.014626102575255,7.548740927101063,-0.8673389806309014,14.636616948598665,1.2704560810468166,4.84006556429295,1.3542001307854084,0.6759438762961243,59.75016718918014,15.971015148801802,23,26,21.571298875396266,0,0,2,952.8815585119138,147,7,91,22
P071,Player 71,Phoenix Mercury,SG,23,9,163633.30138704643,13.186188716981443,5.207810398035634,-0.09282282455101343,23.659489367283715,1.2433590668189698,3.7896156439219286,0.3564125447741585,0.5999138828306014,52.06502817004128,22.7680552931473,29,34,20.96346221343589,4,35,4,125.1104543998496,109,14,16,15
P072,Player 72,Connecticut Sun,C,28,9,235953.1577642104,11.596645607627002,3.011792109928146,1.9152078048484609,20.57323118702064,4.559712410644954,5.939432453113524,1.050745220777544,0.7842591741958862,50.930711625753105,25.241936056305416,31,32,15.462745858853257,4,24,2,1916.0017039665256,47,3,42,2
P073,Player 73,New York Liberty,PF,34,4,116679.6223459227,12.171445679810814,1.5445405449754044,1.1071227529624896,24.954550431733423,6.375075094451323,4.150017060685272,1.1364303613288855,0.2665212188512932,51.99406459491699,29.970255205073094,24,19,19.91992117715791,2,36,0,1886.0213949972833,71,16,40,29
P074,Player 74,Chicago Sky,SG,28,6,173893.76564362887,18.294017824589062,6.455188919527219,3.4633585553848745,10.715659939937623,9.474481595885726,7.0506742856124545,1.177410117973181,1.8802198637590193,60.49307062362364,28.79603996418404,33,15,11.109694304271361,3,0,5,1572.5271908653326,40,19,41,21
P075,Player 75,Chicago Sky,PF,22,3,101703.04671511285,13.714006931304265,5.150545669463852,3.0872178086922046,19.87814235648479,8.516249142671558,7.255263980084439,1.5763792123001312,1.1522242573535149,58.22741222140829,23.566173591633447,17,33,16.94555181954336,0,14,7,1982.742524112799,133,18,49,8
P076,Player 76,Atlanta Dream,SF,35,0,170299.09629911894,16.55685749886536,4.500958189822412,0.7090867584893799,11.842480099403328,5.904929770144232,3.662906951550916,1.4739256027991328,0.6804961902502447,48.703911357349355,19.582464959293297,30,1,30.417054386267953,4,36,7,1093.5198422725232,149,16,83,28
P077,Player 77,Connecticut Sun,SF,26,13,108445.4913522756,19.061510875387423,7.204194372882182,0.2971171671564625,13.557263646685994,4.0098933290983245,2.576208479262887,1.6373912041455783,0.8542648824411384,48.48218670668169,23.45119256474819,24,34,17.114057544072438,3,12,3,1925.90901700388,132,8,39,46
P078,Player 78,Chicago Sky,PG,27,13,117822.6874402108,22.427106915328576,6.414479084183981,0.8984620408363346,16.805120190804143,11.968369501734824,4.942627464450217,1.9827431753926823,0.9496848269591877,46.96791299426795,26.141729125444176,31,39,30.455166718706188,4,39,2,160.45403082733404,23,33,38,36
P079,Player 79,New York Liberty,C,22,4,117628.93701656573,10.707618517139782,1.6375615979956337,1.9514747125740386,22.220896512099454,5.687994324595702,7.342725092125182,2.0885686251754056,1.241129233385173,58.206054394026765,14.130051436620972,29,27,23.28998661511077,4,7,4,737.7046890401289,106,12,22,22
P080,Player 80,Atlanta Dream,PF,35,6,197381.54531740953,24.389387180362768,2.8379155084666117,0.3403182041143813,24.64983632238449,5.965257267626431,2.0799664175424994,1.8798707676982878,1.0797909126233458,60.287453244434715,19.37828801453319,37,38,31.996566934028998,0,4,0,458.508723333464,84,11,95,12
P081,Player 81,Indiana Fever,SG,31,9,211906.7318898135,21.30220701083634,2.363668548608493,2.12074453924567,19.9020151050194,2.799862033108361,5.172249376726121,2.4021521311008565,1.846844749107393,50.30092856650008,27.116441141441108,23,5,24.36948885661038,0,8,1,399.7078374271974,143,5,51,31
P082,Player 82,New York Liberty,SF,30,9,187505.31476457394,11.471662575079694,6.0795971942950775,1.0470582609562022,12.190869207681343,9.742905036249223,5.236701650693904,0.34011168188799556,1.0442306175210774,45.41889922061826,18.90899313479479,36,8,10.741705576618495,4,0,6,290.1978682964254,116,27,46,45
P083,Player 83,Atlanta Dream,PG,22,5,244325.8822711813,25.724415233921988,0.7514932605183453,1.7602359042599014,12.269854050095544,8.630504483596376,5.998347668114607,0.7307115685038015,1.985100228164294,46.64343334952855,22.293700882089357,38,19,26.88550518867723,1,35,1,1248.6031467163334,109,12,62,46
P084,Player 84,Connecticut Sun,PG,30,4,156230.58692855563,26.575703209572637,4.774172636534874,1.1806326456765834,19.226810634955612,3.4284657406763643,1.4867576384544485,0.31663832495191263,1.7177074197156819,64.3572006969006,22.57984849551957,18,0,11.121339200589217,4,34,4,1564.830492937137,136,17,96,47
P085,Player 85,Phoenix Mercury,PF,21,3,142856.8129422791,11.099403277387548,6.2184401430551794,0.47232879770958824,8.253097206902652,1.9061915017742697,5.868687235115664,1.7244443711401267,0.49616997727893797,50.908895549548404,15.320572556405509,17,7,21.264925474578348,4,1,0,1160.8138148465177,41,6,68,22
P086,Player 86,Washington Mystics,SF,28,1,230289.86922841903,14.983797666649668,7.075742275713121,3.742266534810783,5.430430488890682,8.485492322821845,7.317743904992308,2.2756672076899713,1.868130907823441,60.384462956762675,18.52023794974119,35,22,33.23566736182785,2,39,3,302.45579208053726,112,33,42,44
P087,Player 87,Indiana Fever,C,21,3,133539.37577791788,24.511623036275104,3.065613115369306,2.818028970798804,10.801687468097084,8.199623357092488,1.8476233165268148,0.8356610524678585,0.3210961559824046,57.49327137708528,18.02120319735478,37,2,14.130098483446254,2,22,2,1624.136302167607,147,5,47,16
P088,Player 88,Los Angeles Sparks,SF,29,14,244483.3809160917,23.46867442690585,6.659429785040096,-0.29943412116773727,9.319257816389797,4.0058547969803024,2.2815749369290823,2.3394759985518747,1.6531544461332641,52.63879279305792,12.471540753577166,35,3,19.7468088235386,2,8,0,1275.5498672558197,112,28,33,39
P089,Player 89,Phoenix Mercury,PF,31,9,101823.17120347245,13.321378348414791,1.3297380271640542,3.342339879489564,9.518778650031782,11.459499184754513,7.785463205312297,0.4325882586370339,0.8231842576055021,49.113745243911104,12.435451750044395,26,24,28.24650772121196,1,33,7,782.4497551927211,103,14,39,20
P090,Player 90,Dallas Wings,PF,26,9,245481.82400614585,13.768287820060785,6.848392188008886,1.4371559912475682,8.13937052309802,2.6616368095899023,1.8573271453211733,2.3557592589721312,1.7681512088456321,47.42772836318813,26.970546786163922,11,37,32.05646390237119,1,45,6,1351.5192881167652,46,5,74,1
P091,Player 91,New York Liberty,SF,27,2,106473.98679258642,16.668497850244876,1.456164967489868,3.472761134470457,3.9260501719999614,5.755682811468621,6.907888200271843,1.0735699119271958,1.7493077112041557,57.30025936077733,16.915274579510623,34,14,26.773575118562697,4,13,1,527.2109086932373,68,33,60,36
P092,Player 92,Dallas Wings,PF,33,9,233671.46705471067,18.721413733438382,3.4796546792027545,2.999276279736576,3.393226564135104,11.379775121843588,4.192083923360261,0.5231258225882763,1.6312582602234802,60.49267561275576,21.32541779229868,33,20,16.454331354779228,2,3,6,696.9324949034789,122,19,49,5
P093,Player 93,Phoenix Mercury,SF,30,0,179155.166362945,21.128585887545327,6.479715243346652,1.1260675223461671,24.729892574192693,5.6170004861873455,2.3542330580238278,1.3689178702099165,1.6010578289834165,57.878085070822614,17.377060324597913,39,34,26.865196322905405,1,29,6,1835.7968278326605,15,22,66,43
P094,Player 94,Atlanta Dream,SG,27,7,248944.71941789504,16.6404455122559,1.6243807051158035,-0.887653458399413,12.411008942188971,8.02378542430494,7.030624259543836,0.8649084489851175,0.6788903642862775,55.606042664983164,28.93222641207613,12,13,17.418191027602248,0,30,4,588.1039662861266,129,5,61,17
P095,Player 95,Los Angeles Sparks,SF,30,4,111069.48471030983,18.32562489039666,2.2193854642448114,0.3433867969247304,11.455186237512997,5.373538377590737,3.839789412519991,0.9267203843162302,0.25374663779737916,45.83902446863272,16.667341659583926,17,35,27.960730745468382,4,37,4,945.2766536342938,111,2,57,29
P096,Player 96,Indiana Fever,SF,23,12,183078.14266019812,23.45447688640762,5.916894262947997,1.7081710733043347,17.952240219247535,4.016367225835371,4.361130154472677,0.9760379228378304,0.8656623396538067,64.36977555188767,19.733822629300832,21,11,33.850828189626014,3,10,2,1781.380863418069,24,30,32,21
P097,Player 97,Indiana Fever,PF,22,3,245395.38034286484,10.660297652030762,5.900274024095558,2.1673910991307364,7.801585533031412,11.82375412755811,3.1942502704982427,2.0666569752318598,0.4296965784743665,60.97428383309149,27.709144508722833,10,16,28.034836277657206,4,34,4,1418.3654870323796,27,4,74,32
P098,Player 98,Indiana Fever,PF,29,7,178464.67662552232,14.543864998192372,5.308607246639729,0.28943842716601154,23.899146046904956,5.502674069465473,4.947131385761955,1.48615480868556,1.4204070689146773,50.856440734019294,27.154804202252556,19,38,31.57201257281031,3,7,4,133.78442006775848,40,33,15,29
P099,Player 99,Los Angeles Sparks,PG,28,6,194409.79572028937,22.840292545921944,5.70461333350325,-0.30321962963587934,20.299590317142144,10.83509124047048,1.7264290443876709,0.9848769381432081,0.7575894804217924,64.59940658717701,15.349825521232992,29,8,10.052596079397086,2,2,0,303.13305811515096,24,13,81,16
P100,Player 100,Las Vegas Aces,PG,33,1,204362.3033476926,26.11372307836959,4.570433325106971,3.1746511839964953,4.9670420508697095,3.5295006648019482,3.433111524888205,1.6427343232840206,1.9536593816338383,57.037631792726444,26.447579576322788,12,34,27.93930311828986,3,13,7,25.604765636114465,24,20,93,42
P101,Player 101,Los Angeles Sparks,SG,32,0,168181.15971516597,19.21019395808199,2.388492941802146,3.9220109035177604,12.186777067268423,3.3441517442759165,7.770592417514656,1.875531483291026,1.317846946956131,56.648453164144925,20.24736396128207,15,12,30.73968892163126,2,12,3,1265.5343625560351,4,7,47,31
P102,Player 102,Washington Mystics,PG,30,11,194133.71201260953,19.578042734775682,3.092719951279396,1.6284509115134291,22.340602766367624,1.3424749117296249,2.4360007452584567,0.8997728016137743,1.6627130709052858,59.96146358859065,20.693439697536395,16,14,11.013968438617036,0,44,2,900.8701165667325,67,15,9,41
P103,Player 103,Los Angeles Sparks,SF,27,10,187647.14678846503,11.929096204115968,1.8619828760106925,-0.1416035707584825,23.784104490411025,8.168335079134735,5.425524984059692,1.2098080233557733,0.351796878209512,61.23539576180275,14.402639503486988,29,17,31.789943182205764,3,31,0,277.2069532955283,34,23,81,13
P104,Player 104,Phoenix Mercury,PF,29,3,235173.70157364834,18.053422602822184,7.313379210002212,0.36153663259684476,13.282833247497134,5.053789780961372,2.9389254816852115,0.5681494053412846,1.7378275163179828,58.12957214663005,13.450827247628244,32,32,16.417355707751145,4,33,3,1916.2889009029732,116,14,37,9
P105,Player 105,Las Vegas Aces,PG,24,7,106816.95705121868,19.587110796190416,4.875438460745904,-0.9080466172626663,16.49505056263557,10.507940748236008,6.301048442649505,0.6985285689762968,1.8532386619754493,47.561914927324,25.102907525527772,34,5,26.63230254945138,2,44,6,1064.0228506517835,23,23,18,46
P106,Player 106,Indiana Fever,PG,33,11,142144.47843883454,14.364469065425133,3.506385625727299,3.5714940328024953,6.674746814025655,6.205308973607129,1.4815524553876238,1.7984592787229623,1.0254176457559783,51.765350119889966,20.936300742395396,36,26,30.008871975585166,4,18,0,491.36765528464946,109,19,35,35
P107,Player 107,Phoenix Mercury,SG,24,1,242561.7226114838,14.846378157088857,3.965043527330995,-0.41124458554929433,24.805709775013483,11.65012770706194,7.773657838089085,0.6991643649303794,1.2518805817268572,63.561672806520995,19.863312647073233,27,22,26.566612826483887,1,37,5,1006.201106597868,69,29,58,33
P108,Player 108,Phoenix Mercury,SG,21,2,233539.56758363746,16.791114935883208,7.604625047088615,1.8825823775712678,8.096777430435754,3.0407806727343325,3.9034215603772946,1.4553594440675326,1.5531386217156913,49.49231223687704,25.13114811574314,20,26,12.30711980183143,2,15,0,1362.4444621428645,95,20,62,8
P109,Player 109,Minnesota Lynx,SF,28,11,168348.51291785695,10.361281559999075,1.6501355233706014,0.37027610343603,23.740099030972765,10.554854847511718,2.2703784750984797,1.8599017757893521,0.4321933917947839,52.443340476750265,25.779232181839976,28,33,24.90803797150921,3,1,4,161.7160437673933,62,29,76,41
P110,Player 110,Seattle Storm,PF,34,0,193019.8896702305,15.797424980497208,4.896723740125979,1.7708900125789668,17.292226277832107,9.54256538070916,1.051225604975095,0.5351292308084364,1.0548755452805405,53.64153765888392,14.860347018048364,14,37,23.739591418053593,2,39,3,556.6605919453051,57,24,45,27
P111,Player 111,Las Vegas Aces,SG,34,0,141607.1774471699,13.806064125937803,4.294165091633495,2.257101941759321,16.3702094873349,9.480140291084572,1.7731842881565556,1.548086883183588,0.8574597527673948,53.788099793889046,22.984052690597544,28,13,32.50803170185679,4,16,2,1615.8613268591473,54,18,2,10
P112,Player 112,Phoenix Mercury,PG,32,12,128218.17395856419,15.894952339202463,5.085906765759859,3.1487090185360085,14.279147242363189,10.292615509285763,4.398304614170133,0.8644381241430004,0.37811058510827333,57.25879164989051,14.43637348099834,20,35,20.10599324110523,0,33,2,924.7330921012958,70,10,73,13
P113,Player 113,Seattle Storm,PF,23,2,169554.76074099733,12.155718372746522,0.6358263786563039,0.03210635880301593,8.074735857790692,9.371263900372988,3.027523823234647,2.4184391255226756,0.7983154023539096,63.861516754894154,25.524751548522822,33,7,18.027027427176254,2,41,3,1097.688512644267,101,8,64,38
P114,Player 114,Seattle Storm,PF,27,10,153002.83420390793,26.02949105331811,7.040929317081136,-0.9450208567075976,6.883616704121182,7.888423537945569,6.716625244119571,1.3638004227838345,0.22952738783243778,49.8138542366501,23.82519281280851,21,34,28.746269110911655,3,15,4,871.3038443968438,57,26,90,46
P115,Player 115,Las Vegas Aces,PG,35,4,187548.4167776308,20.684664163972876,7.490887118627093,-0.31557184965596363,7.850696599543857,2.443693654506263,3.7316564274635446,2.0731836095053477,0.14904262320402528,47.430027526018364,29.219063179502243,19,18,20.316883152084916,1,37,1,97.36088585958018,138,29,7,18
P116,Player 116,Minnesota Lynx,SG,32,11,111660.19554474772,22.22384174460081,4.738498876919067,3.500093209240525,7.101641767173599,1.357787974403771,2.365357044407224,1.510498392743776,0.3568159493941633,48.94940979719875,13.241244294415582,17,29,26.152404375126576,0,1,0,339.8420618421103,135,10,50,14
P117,Player 117,Dallas Wings,PG,22,2,246159.22114992497,24.20508229493209,5.724881179076692,3.3694503878125763,20.150858418468573,11.129326325972555,5.128587399530225,0.3955075722806022,1.9299187120194303,62.73849800418539,13.026984980722577,33,13,26.161252253115173,1,1,4,896.6278610963628,103,17,80,27
P118,Player 118,Atlanta Dream,PF,22,0,247931.61167194042,18.97195958072303,7.418745358829717,1.9870655108515414,10.702755701668062,7.783153459728118,5.800829126640844,1.6929330263068494,1.1441061182005323,57.916216253104125,17.079367344477603,37,19,32.20097660900295,2,25,5,426.27907616177635,85,2,72,23
P119,Player 119,Washington Mystics,C,27,0,204724.25710296177,11.564565185573626,5.80428975735049,2.002584302168267,4.27253888439472,9.76191020073794,1.752814309257124,2.3930873528546455,1.935062106191118,50.7181357847832,16.710702307246308,37,24,24.967310057977436,4,12,7,109.45826703276069,61,6,5,7
P120,Player 120,Atlanta Dream,C,35,7,180414.45495161804,19.66791775273386,1.64404282185696,2.3251833727312774,24.32025786309785,6.296745866638051,1.7571441221623825,1.6235460043219287,0.9217459688272507,61.318938779372345,16.445618383295997,18,39,22.55384024904967,4,46,6,1688.8628314631292,3,5,88,42
P121,Player 121,Los Angeles Sparks,SF,26,9,146429.14244294917,20.563140124375824,4.822162701251099,-0.12314360688275205,22.443289469195363,2.290390078586339,0.7750357020015723,2.1022154907389385,0.6924506528619931,62.22739992726872,28.31258244937866,13,23,13.471783159912924,3,30,3,1962.5731330365904,128,28,38,8
P122,Player 122,Indiana Fever,PG,23,10,222069.2529560423,23.41791053531794,5.050362847871419,3.572059729624799,23.410550230294685,2.377043714228055,6.0230151129923035,2.245254219366497,1.0616695393964637,61.93028677380556,16.49183159729111,14,13,12.893440166967634,4,33,7,1588.3543192535114,86,5,59,46
P123,Player 123,Washington Mystics,PG,29,11,202709.6758830819,17.76987183213423,3.680980034767895,1.0938526244603657,24.887972098221578,8.541218159518685,5.478533957163538,0.8017754982876515,0.9350722084025291,63.378530672791086,16.895095070315357,30,25,13.858039132076986,0,38,0,1709.0319941922874,47,18,27,32
P124,Player 124,Los Angeles Sparks,SF,30,12,124392.5409017337,12.296445450320148,6.023331767185422,0.9156926412474873,6.825695482828721,5.73336484389409,4.059731568123604,0.7664986477980986,0.30076290009731343,50.044820403467234,25.66916872352335,17,37,14.296212033177362,4,2,2,491.5344893309203,76,26,96,32
P125,Player 125,Phoenix Mercury,SF,35,12,236639.07767407637,15.10796630437704,7.507752610767612,1.5945885264141877,11.717324415858492,3.2057719937037037,6.831278367268978,1.644158175472182,1.317569997911392,60.10083857492557,20.09531716410972,32,22,25.94692731659085,3,7,6,1921.6476812712674,38,20,53,18
P126,Player 126,Indiana Fever,SF,34,11,223380.58643847535,16.535481335175433,7.441763846800822,-0.7651701661247248,19.68124646549001,6.407540014155805,6.542526147125399,1.2042626335747504,0.5104725467682393,54.2107899454828,25.98079002519326,18,21,28.524531256864464,2,22,7,401.8821518623225,141,27,36,2
P127,Player 127,New York Liberty,PF,33,14,242469.9869937886,21.62651034396882,3.8812952855309906,-0.16858315621960296,18.312453597183428,1.7062983078264748,4.890157732975641,2.147694866306785,1.2772171143058761,61.83997105780123,13.176590836158935,24,18,23.249788073160467,2,13,1,1903.3453226200463,87,12,8,9
P128,Player 128,Las Vegas Aces,PG,26,13,208857.92625825398,20.274009484040413,1.3492853438056644,2.6901680821318523,6.385709939476811,7.401685421058387,7.01203460384944,2.2800508714756247,1.3353820755564914,59.569813543232264,20.776281486120915,24,2,30.725443313637275,4,26,7,1989.6903949922425,58,7,81,39
P129,Player 129,Washington Mystics,PF,30,1,192012.2793903685,16.40974106616123,7.88630899221751,-0.5860066603743677,20.948328749793593,3.958927448786074,2.043809075275762,1.07752703446598,0.38884722094443136,60.52894892999449,12.605044803299087,25,18,34.78158066834083,1,28,5,1426.328383434637,50,3,55,46
P130,Player 130,Washington Mystics,SF,30,12,162736.45544359283,27.757274478273633,6.791735648344506,2.015760547331941,7.937692580406535,9.77315010700907,1.339397145482959,0.8211152297438606,0.2165642915102695,58.12323675362143,13.127757662196382,23,8,30.5003157279839,2,38,2,1962.4760262657255,30,10,58,41
P131,Player 131,Phoenix Mercury,PG,26,2,239909.272503102,20.90394674842397,1.4349701090245013,0.22674554840660477,7.923987526097708,4.413981548159311,2.523122086377422,2.017156133536496,1.5834470135300356,48.54857538939414,28.315874160199396,17,27,27.37205934189898,4,38,3,1143.3841613385364,101,34,84,0
P132,Player 132,Dallas Wings,PF,21,1,229909.58342506125,14.270082251247901,7.406314119630292,0.9464780702098827,14.813437303655098,6.007421639899813,0.9281514206698613,0.9045732782058995,0.9736208051617082,55.900538377938766,14.506416680116713,27,19,23.312317485928666,3,0,0,526.4881485204197,25,25,1,28
P133,Player 133,Seattle Storm,PF,24,2,106782.80051592841,11.832084507167266,7.024222715465962,0.44346868385349936,16.04467856651747,1.127825938989107,4.48377146000774,2.1097515007300927,0.210511211460404,64.69339479049016,21.58357228095391,19,6,21.221326791867703,4,16,3,879.6218124745856,112,35,60,49
P134,Player 134,Indiana Fever,SF,30,6,103955.0461745878,12.751464505317976,4.39128542844554,0.7783635823247457,15.761896572431846,1.7969157657401476,7.524542692212211,1.2322241580272784,1.9902460026225577,63.74776132994238,19.39972084681272,37,13,12.109809513613559,2,40,6,1191.186261403784,126,16,57,33
P135,Player 135,Phoenix Mercury,PG,26,0,156469.50503170743,14.427239110921146,4.934565768086969,2.5952295259212272,5.012710422750607,5.317429120473533,0.7950765550138224,1.7686097784412351,0.20978306589309662,45.863474715940235,18.25217987265917,29,8,19.98421870986727,3,29,0,155.43230843375983,123,2,59,12
P136,Player 136,Chicago Sky,SF,35,9,221582.99961727494,12.892264718672003,3.492520279025977,0.4856085781158752,22.30413897786837,6.279327181888359,1.415824355075201,0.51017769043627,1.420566934831251,48.296296314588744,28.197000222370903,15,18,32.75336591955336,4,12,4,1248.4630965883198,47,24,39,0
P137,Player 137,Minnesota Lynx,PG,26,7,248091.41939724167,13.358206432923504,0.910712291165235,1.832023201484486,8.843200936951533,7.600226029312341,3.8914927121257645,1.6724905142884607,1.968989958000486,47.63457546909124,12.39282114195881,21,13,30.200565747663823,0,20,1,1962.543895156966,118,10,35,33
P138,Player 138,Seattle Storm,C,31,12,122562.53366552922,15.131713036489248,3.013979312344257,1.3802520109954983,5.849328268221692,4.208288365802336,7.504062631459287,1.2938888932219041,0.5544421980102586,59.51959819970591,23.9482143511606,11,37,15.401284125292179,3,18,4,388.314223069618,39,22,36,28
P139,Player 139,Las Vegas Aces,SG,32,9,189119.60730282025,13.120724715305586,6.521400864485086,2.3183558268132405,22.552457757117498,8.644800747391969,2.871170787325629,1.590538618986043,0.3702738005056727,61.355706597138905,29.341099815843908,16,35,21.665194617430394,0,18,4,1587.2642814138828,16,26,78,47
P140,Player 140,Seattle Storm,SG,25,9,157133.6284946532,26.141777643275653,0.5347401725345214,3.68414869662379,24.024332961054576,10.46134636908125,4.304261065162944,0.6696312570386995,0.3306313849026149,49.27022732621344,22.083027302313155,25,39,30.418080063963615,1,24,3,1816.7185996214425,22,27,91,46
P141,Player 141,Dallas Wings,SG,21,9,245487.1596721905,11.44420742190956,3.001243787683581,2.6628604860512515,21.966807579839912,9.578360877826848,0.8117964428779407,1.921122238877201,0.6762227803784315,55.11705385903658,28.862804316595653,12,16,11.684613869638063,3,21,6,1887.9661697122394,54,29,17,12
P142,Player 142,Seattle Storm,SF,28,13,226317.8384703563,19.441205012264582,3.486265201932075,0.07470189295378393,20.80935364394732,1.4358070788319286,1.6125740072156665,2.1981535705951027,0.2919870409202287,61.814060560224,12.940641827148427,22,29,19.684814641716482,0,30,1,1920.66985276684,149,20,97,47
P143,Player 143,Las Vegas Aces,C,25,1,225749.30570667068,17.38714288581391,4.530467022034421,-0.8440843246935766,17.415323574058476,6.285576419836119,7.899725922191352,0.7768275601997064,1.4151065492188506,59.65603089532501,19.538279743334904,12,8,31.29603092184869,2,16,7,1047.7046810557292,16,27,62,48
P144,Player 144,Dallas Wings,PG,32,2,170303.97396924556,27.682815104354916,7.398917123095703,0.3113202214991255,15.118862153401064,2.1542319625999236,7.738390223270342,0.5105720221443558,0.21835441644711912,55.84474410983697,16.68284023731692,36,32,20.097446604253093,2,22,0,1954.8427369030924,59,20,21,28
P145,Player 145,Atlanta Dream,PF,32,8,162222.92535064978,12.016700239024942,3.0975949577447093,1.9753896535012743,4.913708718051023,3.6624951744878023,0.5370498570080722,0.35200488930194007,1.0679020434846005,56.806953809175454,25.154777369653136,27,24,11.940366118286022,1,31,0,1517.0473121975333,31,19,10,38
P146,Player 146,Washington Mystics,PG,32,6,141011.06078960595,17.16140078282335,3.1021490142217076,-0.7428709325787483,11.98597068755537,11.853288525938611,7.638588390674292,1.7123373009751854,1.9937240223206558,55.167210938325596,29.66334762895044,20,13,23.563359213306285,3,9,5,331.7261581115542,32,20,57,23
P147,Player 147,Washington Mystics,PF,25,3,108456.32449763907,27.45046779895664,6.031259360823113,1.4818312360061818,11.199147374270908,2.5674509719166454,5.2933995336162525,1.6356068793953178,1.6465435120614358,50.95096902637641,16.61754112399646,17,10,31.543562372957386,3,9,2,959.0312118712603,9,35,56,25
P148,Player 148,Minnesota Lynx,PG,27,9,229708.35643825796,25.579128266091644,3.8916345566735537,1.9842142445844462,8.714583242727176,6.487769687964917,7.009387208900166,1.502734307970954,1.2689169326389207,56.30043985718032,23.77514282653334,15,34,24.757138573828993,3,35,5,1439.4790389902878,139,2,76,16
P149,Player 149,Los Angeles Sparks,C,24,4,221935.15136951162,24.707297277087036,2.1845361720498646,0.6712194540848042,18.915242501148867,7.79971307749931,3.9105489172539434,0.8102836114551459,0.6818818794945621,58.777706041001814,15.565757389675323,10,13,15.656977705355796,1,7,7,502.2072284799758,10,30,3,6
P150,Player 150,Atlanta Dream,PF,26,1,249957.65099291957,14.642250886808917,3.8932963709952007,2.8545610187291097,13.909266171732957,8.727114675985144,4.366970214344377,1.1599931909921324,1.2854020889541131,62.46645831721615,22.175944582288977,37,29,19.605990503434533,3,19,5,1284.8242152622859,17,34,85,12
